Month,Day,Time,Lane,Class,Speed,Length,Headway,Direction
7,9,9:00:48 AM,1,3,73,1541,81,WB
7,9,9:01:31 AM,1,2,69,1455,43,WB
7,9,9:01:53 AM,1,3,65,1538,22,WB
7,9,9:02:04 AM,1,2,75,1365,11,WB
7,9,9:02:10 AM,1,3,71,1662,6,WB
7,9,9:02:53 AM,1,2,75,1640,43,WB
7,9,9:04:08 AM,1,2,73,1385,75,WB
7,9,9:04:21 AM,1,2,75,1398,13,WB
7,9,9:04:33 AM,1,2,68,1345,12,WB
7,9,9:05:11 AM,1,3,62,3718,38,WB
7,9,9:05:14 AM,1,2,68,3221,3,WB
7,9,9:05:26 AM,1,2,70,1462,12,WB
7,9,9:06:25 AM,1,2,55,1367,59,WB
7,9,9:06:28 AM,1,3,58,1716,3,WB
7,9,9:08:20 AM,1,2,62,1350,112,WB
7,9,9:08:51 AM,1,2,61,1447,31,WB
7,9,9:08:53 AM,1,2,57,1552,2,WB
7,9,9:09:53 AM,1,9,57,5854,60,WB
7,9,9:09:55 AM,1,3,57,1749,2,WB
7,9,9:10:34 AM,1,2,68,1370,39,WB
7,9,9:12:35 AM,1,2,67,1611,121,WB
7,9,9:12:47 AM,1,3,61,3505,12,WB
7,9,9:12:55 AM,1,2,61,1344,8,WB
7,9,9:12:56 AM,1,2,61,1431,1,WB
7,9,9:13:14 AM,1,3,68,1769,18,WB
7,9,9:13:43 AM,1,2,58,1362,29,WB
7,9,9:13:46 AM,1,2,59,1536,3,WB
7,9,9:14:15 AM,1,3,69,1562,29,WB
7,9,9:14:33 AM,1,3,66,1781,18,WB
7,9,9:14:45 AM,1,14,61,7172,12,WB
7,9,9:14:52 AM,1,3,67,1830,7,WB
7,9,9:14:57 AM,1,2,75,1561,5,WB
7,9,9:15:09 AM,1,3,71,1818,12,WB
7,9,9:15:13 AM,1,2,72,1662,4,WB
7,9,9:15:31 AM,1,3,0,1303,18,WB
7,9,9:15:50 AM,1,2,72,1608,19,WB
7,9,9:15:53 AM,1,3,75,1695,3,WB
7,9,9:15:56 AM,1,2,80,1636,3,WB
7,9,9:16:52 AM,1,2,63,1531,56,WB
7,9,9:16:52 AM,1,3,64,1788,0,WB
7,9,9:17:04 AM,1,3,67,1889,12,WB
7,9,9:17:23 AM,1,3,65,3030,19,WB
7,9,9:17:25 AM,1,2,67,1343,2,WB
7,9,9:18:07 AM,1,3,71,1607,42,WB
7,9,9:19:01 AM,1,3,67,1373,54,WB
7,9,9:19:20 AM,1,3,73,1731,19,WB
7,9,9:19:23 AM,1,3,69,1644,3,WB
7,9,9:19:26 AM,1,2,74,1544,3,WB
7,9,9:19:41 AM,1,2,72,1378,15,WB
7,9,9:19:58 AM,1,2,68,1623,17,WB
7,9,9:20:34 AM,1,2,69,1453,36,WB
7,9,9:20:52 AM,1,2,71,1531,18,WB
7,9,9:21:08 AM,1,2,71,1578,16,WB
7,9,9:21:32 AM,1,3,73,1714,24,WB
7,9,9:23:54 AM,1,2,56,1386,142,WB
7,9,9:23:56 AM,1,2,57,1160,2,WB
7,9,9:25:03 AM,1,2,60,1545,67,WB
7,9,9:25:04 AM,1,2,62,1665,1,WB
7,9,9:25:28 AM,1,3,72,1812,24,WB
7,9,9:26:54 AM,1,3,80,1558,86,WB
7,9,9:28:40 AM,1,2,54,1130,106,WB
7,9,9:28:41 AM,1,3,57,1543,1,WB
7,9,9:31:19 AM,1,2,69,1342,158,WB
7,9,9:31:37 AM,1,3,60,4139,18,WB
7,9,9:31:48 AM,1,2,69,1356,11,WB
7,9,9:31:49 AM,1,3,71,1586,1,WB
7,9,9:32:24 AM,1,2,67,1522,35,WB
7,9,9:32:41 AM,1,2,68,1613,17,WB
7,9,9:33:24 AM,1,6,70,2589,43,WB
7,9,9:33:27 AM,1,2,69,1470,3,WB
7,9,9:33:28 AM,1,3,69,1738,1,WB
7,9,9:34:54 AM,1,13,60,8317,86,WB
7,9,9:34:55 AM,1,2,61,1626,1,WB
7,9,9:34:57 AM,1,14,61,3863,2,WB
7,9,9:35:07 AM,1,3,62,1743,10,WB
7,9,9:35:10 AM,1,3,71,1797,3,WB
7,9,9:35:17 AM,1,10,64,7021,7,WB
7,9,9:35:52 AM,1,2,49,1412,35,WB
7,9,9:36:27 AM,1,2,71,1407,35,WB
7,9,9:38:08 AM,1,3,69,1629,101,WB
7,9,9:39:18 AM,1,3,64,1630,70,WB
7,9,9:39:21 AM,1,2,63,1493,3,WB
7,9,9:39:34 AM,1,3,69,1742,13,WB
7,9,9:39:53 AM,1,3,64,1597,19,WB
7,9,9:39:55 AM,1,2,68,1415,2,WB
7,9,9:40:59 AM,1,3,66,1562,64,WB
7,9,9:41:07 AM,1,2,53,1297,8,WB
7,9,9:41:10 AM,1,2,54,1382,3,WB
7,9,9:41:13 AM,1,2,60,2276,3,WB
7,9,9:41:24 AM,1,3,49,1498,11,WB
7,9,9:42:36 AM,1,2,66,1542,72,WB
7,9,9:42:38 AM,1,3,73,1887,2,WB
7,9,9:42:40 AM,1,2,86,1518,2,WB
7,9,9:43:09 AM,1,2,69,1511,29,WB
7,9,9:43:12 AM,1,2,71,1497,3,WB
7,9,9:43:14 AM,1,2,83,1182,2,WB
7,9,9:43:49 AM,1,3,65,3417,35,WB
7,9,9:44:01 AM,1,2,71,1229,12,WB
7,9,9:44:15 AM,1,6,59,2667,14,WB
7,9,9:44:31 AM,1,2,76,1575,16,WB
7,9,9:44:53 AM,1,3,68,1678,22,WB
7,9,9:45:11 AM,1,2,68,1290,18,WB
7,9,9:45:50 AM,1,2,65,1453,39,WB
7,9,9:46:43 AM,1,2,68,1466,53,WB
7,9,9:47:01 AM,1,2,64,1429,18,WB
7,9,9:47:35 AM,1,3,55,3366,34,WB
7,9,9:47:40 AM,1,3,66,3503,5,WB
7,9,9:48:20 AM,1,3,57,3826,40,WB
7,9,9:48:48 AM,1,2,64,1481,28,WB
7,9,9:48:49 AM,1,2,0,1334,1,WB
7,9,9:50:29 AM,1,3,75,1461,100,WB
7,9,9:50:45 AM,1,3,76,1715,16,WB
7,9,9:51:55 AM,1,2,68,1446,70,WB
7,9,9:51:58 AM,1,2,64,1372,3,WB
7,9,9:52:28 AM,1,2,72,1442,30,WB
7,9,9:52:51 AM,1,3,65,2633,23,WB
7,9,9:52:57 AM,1,2,71,1465,6,WB
7,9,9:53:06 AM,1,3,76,1648,9,WB
7,9,9:53:26 AM,1,2,80,1683,20,WB
7,9,9:54:06 AM,1,2,54,1325,40,WB
7,9,9:54:48 AM,1,2,71,1145,42,WB
7,9,9:54:56 AM,1,2,69,1316,8,WB
7,9,9:55:03 AM,1,2,79,1378,7,WB
7,9,9:55:19 AM,1,2,72,1373,16,WB
7,9,9:55:53 AM,1,3,59,3693,34,WB
7,9,9:55:56 AM,1,2,58,1447,3,WB
7,9,9:56:55 AM,1,3,53,4577,59,WB
7,9,9:56:58 AM,1,2,55,1331,3,WB
7,9,9:57:04 AM,1,2,71,1244,6,WB
7,9,9:57:18 AM,1,3,71,1423,14,WB
7,9,9:57:53 AM,1,2,70,1317,35,WB
7,9,9:57:55 AM,1,2,75,1288,2,WB
7,9,9:58:42 AM,1,3,71,1918,47,WB
7,9,9:59:06 AM,1,2,71,1523,24,WB
7,9,9:59:38 AM,1,9,59,6589,32,WB
7,10,9:00:52 AM,1,10,62,5403,76,WB
7,10,9:01:10 AM,1,3,70,1891,18,WB
7,10,9:02:42 AM,1,3,68,1695,92,WB
7,10,9:02:51 AM,1,2,69,1290,9,WB
7,10,9:04:25 AM,1,3,65,1612,94,WB
7,10,9:04:54 AM,1,2,78,1440,29,WB
7,10,9:05:16 AM,1,2,65,1562,22,WB
7,10,9:05:17 AM,1,2,67,1579,1,WB
7,10,9:05:28 AM,1,2,65,1422,11,WB
7,10,9:05:29 AM,1,3,67,1771,1,WB
7,10,9:05:33 AM,1,3,67,3263,4,WB
7,10,9:05:40 AM,1,2,77,1530,7,WB
7,10,9:06:33 AM,1,2,71,1518,53,WB
7,10,9:06:48 AM,1,3,62,1346,15,WB
7,10,9:07:26 AM,1,3,67,1835,38,WB
7,10,9:07:53 AM,1,2,67,1431,27,WB
7,10,9:08:37 AM,1,3,69,1666,44,WB
7,10,9:08:44 AM,1,2,64,1448,7,WB
7,10,9:09:12 AM,1,10,56,6633,28,WB
7,10,9:09:13 AM,1,3,56,1633,1,WB
7,10,9:09:15 AM,1,3,55,1656,2,WB
7,10,9:09:51 AM,1,3,67,1651,36,WB
7,10,9:09:52 AM,1,3,71,1718,1,WB
7,10,9:10:18 AM,1,3,67,1771,26,WB
7,10,9:11:28 AM,1,2,71,1550,70,WB
7,10,9:11:47 AM,1,2,71,1443,19,WB
7,10,9:11:52 AM,1,2,69,1473,5,WB
7,10,9:11:57 AM,1,2,82,1546,5,WB
7,10,9:12:13 AM,1,3,67,1681,16,WB
7,10,9:12:19 AM,1,2,72,1403,6,WB
7,10,9:12:21 AM,1,2,74,1593,2,WB
7,10,9:13:56 AM,1,2,68,1515,95,WB
7,10,9:14:35 AM,1,3,65,1734,39,WB
7,10,9:15:03 AM,1,2,68,1400,28,WB
7,10,9:15:24 AM,1,3,69,4011,21,WB
7,10,9:15:32 AM,1,3,65,1634,8,WB
7,10,9:15:38 AM,1,2,73,1358,6,WB
7,10,9:16:49 AM,1,9,49,6816,71,WB
7,10,9:17:01 AM,1,3,64,1597,12,WB
7,10,9:17:46 AM,1,13,58,6195,45,WB
7,10,9:18:31 AM,1,2,67,1314,45,WB
7,10,9:19:51 AM,1,2,67,1443,80,WB
7,10,9:19:51 AM,1,2,69,1501,0,WB
7,10,9:20:14 AM,1,3,71,1745,23,WB
7,10,9:20:17 AM,1,2,71,1544,3,WB
7,10,9:20:25 AM,1,3,75,1616,8,WB
7,10,9:20:46 AM,1,2,67,1372,21,WB
7,10,9:21:00 AM,1,2,79,1488,14,WB
7,10,9:22:00 AM,1,10,61,7132,60,WB
7,10,9:22:00 AM,1,2,67,1397,0,WB
7,10,9:22:04 AM,1,2,70,1498,4,WB
7,10,9:22:08 AM,1,2,66,1513,4,WB
7,10,9:22:12 AM,1,2,65,1496,4,WB
7,10,9:22:25 AM,1,3,67,1609,13,WB
7,10,9:22:48 AM,1,2,62,1428,23,WB
7,10,9:24:04 AM,1,2,87,1437,76,WB
7,10,9:24:57 AM,1,2,80,1432,53,WB
7,10,9:25:28 AM,1,2,63,1403,31,WB
7,10,9:25:31 AM,1,2,69,1526,3,WB
7,10,9:25:52 AM,1,2,74,1642,21,WB
7,10,9:27:42 AM,1,2,68,1441,110,WB
7,10,9:30:15 AM,1,2,67,1602,153,WB
7,10,9:31:08 AM,1,2,62,1529,53,WB
7,10,9:31:39 AM,1,3,71,1618,31,WB
7,10,9:31:59 AM,1,3,62,3266,20,WB
7,10,9:31:59 AM,1,2,62,1442,0,WB
7,10,9:32:17 AM,1,2,63,1484,18,WB
7,10,9:32:33 AM,1,9,62,6382,16,WB
7,10,9:32:37 AM,1,6,66,2532,4,WB
7,10,9:32:39 AM,1,2,62,1637,2,WB
7,10,9:32:44 AM,1,3,67,1422,5,WB
7,10,9:32:49 AM,1,3,71,4097,5,WB
7,10,9:32:51 AM,1,2,84,1528,2,WB
7,10,9:33:02 AM,1,2,80,1591,11,WB
7,10,9:33:43 AM,1,2,68,1470,41,WB
7,10,9:33:47 AM,1,3,80,1355,4,WB
7,10,9:34:18 AM,1,3,53,1469,31,WB
7,10,9:34:56 AM,1,2,74,1593,38,WB
7,10,9:35:37 AM,1,6,61,2772,41,WB
7,10,9:35:41 AM,1,2,63,1475,4,WB
7,10,9:35:43 AM,1,2,64,1592,2,WB
7,10,9:35:45 AM,1,3,66,1454,2,WB
7,10,9:35:47 AM,1,3,67,1835,2,WB
7,10,9:36:20 AM,1,3,77,1678,33,WB
7,10,9:36:53 AM,1,2,69,1598,33,WB
7,10,9:36:56 AM,1,2,68,1411,3,WB
7,10,9:36:59 AM,1,3,68,1774,3,WB
7,10,9:38:05 AM,1,3,80,1636,66,WB
7,10,9:38:32 AM,1,3,71,1756,27,WB
7,10,9:38:34 AM,1,3,69,1726,2,WB
7,10,9:38:35 AM,1,3,71,1876,1,WB
7,10,9:40:18 AM,1,2,75,1338,103,WB
7,10,9:40:21 AM,1,2,71,1307,3,WB
7,10,9:40:33 AM,1,2,71,1392,12,WB
7,10,9:41:19 AM,1,3,59,1438,46,WB
7,10,9:41:32 AM,1,3,68,1542,13,WB
7,10,9:41:37 AM,1,2,80,1422,5,WB
7,10,9:41:49 AM,1,2,80,1338,12,WB
7,10,9:42:02 AM,1,2,82,1371,13,WB
7,10,9:42:07 AM,1,2,70,1451,5,WB
7,10,9:42:23 AM,1,2,75,1470,16,WB
7,10,9:42:37 AM,1,2,71,1505,14,WB
7,10,9:43:16 AM,1,2,65,1346,39,WB
7,10,9:45:43 AM,1,2,68,1390,147,WB
7,10,9:46:23 AM,1,2,72,1488,40,WB
7,10,9:46:35 AM,1,2,70,1612,12,WB
7,10,9:47:16 AM,1,2,57,1444,41,WB
7,10,9:47:54 AM,1,3,65,1588,38,WB
7,10,9:47:59 AM,1,3,74,3857,5,WB
7,10,9:48:06 AM,1,2,71,1528,7,WB
7,10,9:48:17 AM,1,3,53,1670,11,WB
7,10,9:49:34 AM,1,13,59,10009,77,WB
7,10,9:49:37 AM,1,3,62,1854,3,WB
7,10,9:49:39 AM,1,2,59,1652,2,WB
7,10,9:49:51 AM,1,5,56,4986,12,WB
7,10,9:49:53 AM,1,2,59,1412,2,WB
7,10,9:50:08 AM,1,2,73,1341,15,WB
7,10,9:50:21 AM,1,2,70,1405,13,WB
7,10,9:50:25 AM,1,2,72,1403,4,WB
7,10,9:50:36 AM,1,2,68,1570,11,WB
7,10,9:51:11 AM,1,2,73,1639,35,WB
7,10,9:52:36 AM,1,3,62,1480,85,WB
7,10,9:52:59 AM,1,3,69,4265,23,WB
7,10,9:53:37 AM,1,2,64,1575,38,WB
7,10,9:53:39 AM,1,2,69,1511,2,WB
7,10,9:53:43 AM,1,2,71,1392,4,WB
7,10,9:54:08 AM,1,3,75,1673,25,WB
7,10,9:54:33 AM,1,2,70,1550,25,WB
7,10,9:54:43 AM,1,2,78,1538,10,WB
7,10,9:55:51 AM,1,3,71,1807,68,WB
7,10,9:56:04 AM,1,2,74,1473,13,WB
7,10,9:57:13 AM,1,2,67,1490,69,WB
7,10,9:58:19 AM,1,3,73,1698,66,WB
7,10,9:58:40 AM,1,3,65,3237,21,WB
7,10,9:58:52 AM,1,2,61,1254,12,WB
7,10,9:59:14 AM,1,3,68,1640,22,WB
7,11,9:01:10 AM,1,2,68,1572,106,WB
7,11,9:02:22 AM,1,3,67,1597,72,WB
7,11,9:02:48 AM,1,2,73,1493,26,WB
7,11,9:03:05 AM,1,3,72,1616,17,WB
7,11,9:05:08 AM,1,2,65,1614,123,WB
7,11,9:05:45 AM,1,2,72,1722,37,WB
7,11,9:05:49 AM,1,2,74,1697,4,WB
7,11,9:05:56 AM,1,2,70,1472,7,WB
7,11,9:06:04 AM,1,2,64,1378,8,WB
7,11,9:06:13 AM,1,2,63,1203,9,WB
7,11,9:07:16 AM,1,2,68,1572,63,WB
7,11,9:07:39 AM,1,2,69,1392,23,WB
7,11,9:07:59 AM,1,2,58,1422,20,WB
7,11,9:08:09 AM,1,2,72,1579,10,WB
7,11,9:08:15 AM,1,3,68,1749,6,WB
7,11,9:08:20 AM,1,2,72,1542,5,WB
7,11,9:09:27 AM,1,3,49,1398,67,WB
7,11,9:09:36 AM,1,3,67,1569,9,WB
7,11,9:09:38 AM,1,5,66,2235,2,WB
7,11,9:11:10 AM,1,14,155,7330,92,WB
7,11,9:12:22 AM,1,5,63,2103,72,WB
7,11,9:12:35 AM,1,2,67,1562,13,WB
7,11,9:12:42 AM,1,2,69,1382,7,WB
7,11,9:13:22 AM,1,2,67,1458,40,WB
7,11,9:13:29 AM,1,2,71,1390,7,WB
7,11,9:13:38 AM,1,6,66,2493,9,WB
7,11,9:14:07 AM,1,1,0,608,29,WB
7,11,9:14:20 AM,1,2,59,1276,13,WB
7,11,9:16:05 AM,1,3,68,4169,105,WB
7,11,9:16:13 AM,1,3,64,1669,8,WB
7,11,9:16:44 AM,1,3,62,3806,31,WB
7,11,9:16:50 AM,1,2,67,1626,6,WB
7,11,9:17:13 AM,1,2,70,1498,23,WB
7,11,9:17:51 AM,1,2,70,1513,38,WB
7,11,9:17:53 AM,1,3,76,1816,2,WB
7,11,9:18:25 AM,1,3,77,1499,32,WB
7,11,9:20:06 AM,1,3,57,4403,101,WB
7,11,9:20:41 AM,1,2,70,1255,35,WB
7,11,9:21:14 AM,1,2,0,1125,33,WB
7,11,9:21:20 AM,1,2,77,1448,6,WB
7,11,9:22:46 AM,1,2,70,1524,86,WB
7,11,9:22:47 AM,1,2,72,1409,1,WB
7,11,9:22:50 AM,1,2,54,1210,3,WB
7,11,9:23:01 AM,1,3,66,1854,11,WB
7,11,9:23:23 AM,1,2,75,1492,22,WB
7,11,9:23:57 AM,1,2,75,1594,34,WB
7,11,9:24:41 AM,1,2,52,1403,44,WB
7,11,9:24:42 AM,1,3,53,1701,1,WB
7,11,9:24:52 AM,1,2,56,1237,10,WB
7,11,9:24:53 AM,1,3,57,1735,1,WB
7,11,9:24:55 AM,1,3,61,2747,2,WB
7,11,9:25:10 AM,1,3,69,1478,15,WB
7,11,9:25:13 AM,1,2,68,1406,3,WB
7,11,9:25:29 AM,1,2,63,1517,16,WB
7,11,9:25:34 AM,1,2,71,1492,5,WB
7,11,9:25:53 AM,1,3,70,1782,19,WB
7,11,9:26:29 AM,1,3,72,1998,36,WB
7,11,9:26:51 AM,1,2,67,1364,22,WB
7,11,9:26:54 AM,1,3,69,1767,3,WB
7,11,9:27:44 AM,1,3,65,1729,50,WB
7,11,9:27:47 AM,1,3,66,3942,3,WB
7,11,9:28:21 AM,1,2,65,1509,34,WB
7,11,9:28:35 AM,1,3,78,1740,14,WB
7,11,9:29:38 AM,1,2,67,1328,63,WB
7,11,9:30:03 AM,1,2,72,1536,25,WB
7,11,9:30:34 AM,1,2,70,1291,31,WB
7,11,9:30:48 AM,1,3,70,1524,14,WB
7,11,9:30:52 AM,1,2,68,1425,4,WB
7,11,9:31:49 AM,1,2,63,1245,57,WB
7,11,9:32:10 AM,1,3,70,1720,21,WB
7,11,9:32:11 AM,1,3,71,1565,1,WB
7,11,9:32:17 AM,1,3,71,3165,6,WB
7,11,9:32:18 AM,1,2,72,1464,1,WB
7,11,9:32:58 AM,1,6,62,2569,40,WB
7,11,9:33:12 AM,1,3,75,1694,14,WB
7,11,9:34:09 AM,1,3,77,1816,57,WB
7,11,9:34:27 AM,1,3,75,1450,18,WB
7,11,9:34:28 AM,1,3,64,1469,1,WB
7,11,9:35:01 AM,1,3,76,1715,33,WB
7,11,9:35:59 AM,1,3,84,1986,58,WB
7,11,9:36:46 AM,1,2,76,1311,47,WB
7,11,9:37:07 AM,1,2,69,1419,21,WB
7,11,9:37:59 AM,1,3,64,4754,52,WB
7,11,9:38:09 AM,1,2,78,1446,10,WB
7,11,9:38:45 AM,1,3,64,1459,36,WB
7,11,9:39:27 AM,1,2,81,1580,42,WB
7,11,9:39:50 AM,1,3,73,1639,23,WB
7,11,9:41:11 AM,1,2,61,2606,81,WB
7,11,9:41:18 AM,1,2,62,1602,7,WB
7,11,9:41:20 AM,1,2,61,1425,2,WB
7,11,9:41:24 AM,1,2,60,1479,4,WB
7,11,9:42:49 AM,1,3,68,3634,85,WB
7,11,9:44:38 AM,1,3,64,4112,109,WB
7,11,9:44:41 AM,1,2,71,1354,3,WB
7,11,9:44:48 AM,1,3,70,1632,7,WB
7,11,9:44:50 AM,1,3,69,2022,2,WB
7,11,9:45:10 AM,1,6,61,2695,20,WB
7,11,9:45:12 AM,1,2,64,1448,2,WB
7,11,9:45:47 AM,1,2,71,1334,35,WB
7,11,9:46:22 AM,1,2,71,1547,35,WB
7,11,9:47:35 AM,1,3,65,1530,73,WB
7,11,9:48:22 AM,1,6,64,2520,47,WB
7,11,9:48:31 AM,1,9,69,6451,9,WB
7,11,9:50:06 AM,1,3,68,1446,95,WB
7,11,9:50:22 AM,1,2,62,1437,16,WB
7,11,9:50:24 AM,1,3,65,1758,2,WB
7,11,9:50:34 AM,1,2,65,1608,10,WB
7,11,9:51:13 AM,1,3,73,1725,39,WB
7,11,9:52:33 AM,1,3,65,4269,80,WB
7,11,9:52:50 AM,1,3,69,1301,17,WB
7,11,9:52:52 AM,1,2,70,1477,2,WB
7,11,9:52:55 AM,1,2,72,1430,3,WB
7,11,9:53:10 AM,1,2,62,1511,15,WB
7,11,9:53:14 AM,1,2,63,961,4,WB
7,11,9:53:18 AM,1,3,68,1715,4,WB
7,11,9:53:33 AM,1,2,71,1427,15,WB
7,11,9:53:41 AM,1,2,80,1532,8,WB
7,11,9:53:43 AM,1,2,80,1398,2,WB
7,11,9:54:29 AM,1,3,66,3562,46,WB
7,11,9:54:30 AM,1,2,64,1454,1,WB
7,11,9:55:17 AM,1,3,75,1651,47,WB
7,11,9:55:32 AM,1,2,71,1718,15,WB
7,11,9:56:48 AM,1,6,62,2706,76,WB
7,11,9:56:50 AM,1,3,68,1739,2,WB
7,11,9:57:07 AM,1,2,66,1493,17,WB
7,11,9:57:29 AM,1,2,69,1542,22,WB
7,11,9:57:58 AM,1,2,77,1583,29,WB
7,11,9:59:57 AM,1,2,61,1443,119,WB
7,12,9:00:42 AM,1,3,70,3081,71,WB
7,12,9:00:46 AM,1,2,71,1432,4,WB
7,12,9:00:55 AM,1,2,68,1451,9,WB
7,12,9:01:05 AM,1,3,69,1480,10,WB
7,12,9:01:23 AM,1,5,68,1794,18,WB
7,12,9:02:13 AM,1,3,59,1670,50,WB
7,12,9:02:16 AM,1,3,63,1385,3,WB
7,12,9:02:43 AM,1,3,72,1550,27,WB
7,12,9:04:07 AM,1,3,75,1744,84,WB
7,12,9:04:37 AM,1,2,74,1500,30,WB
7,12,9:05:27 AM,1,2,69,1450,50,WB
7,12,9:06:03 AM,1,3,62,3682,36,WB
7,12,9:06:44 AM,1,2,68,1520,41,WB
7,12,9:06:45 AM,1,2,68,1411,1,WB
7,12,9:06:46 AM,1,3,67,1706,1,WB
7,12,9:06:48 AM,1,2,71,1597,2,WB
7,12,9:07:04 AM,1,2,72,1394,16,WB
7,12,9:08:18 AM,1,2,65,1511,74,WB
7,12,9:08:19 AM,1,2,67,1510,1,WB
7,12,9:08:34 AM,1,3,69,1614,15,WB
7,12,9:09:09 AM,1,3,68,1435,35,WB
7,12,9:09:28 AM,1,2,69,1366,19,WB
7,12,9:09:40 AM,1,3,74,1473,12,WB
7,12,9:10:06 AM,1,2,63,1268,26,WB
7,12,9:10:09 AM,1,2,63,1367,3,WB
7,12,9:12:19 AM,1,2,76,1513,130,WB
7,12,9:13:06 AM,1,2,69,1473,47,WB
7,12,9:13:07 AM,1,3,71,1756,1,WB
7,12,9:13:29 AM,1,2,66,1459,22,WB
7,12,9:13:41 AM,1,2,53,1375,12,WB
7,12,9:13:42 AM,1,2,54,1547,1,WB
7,12,9:13:51 AM,1,3,68,1784,9,WB
7,12,9:16:26 AM,1,2,64,1597,155,WB
7,12,9:17:03 AM,1,2,61,1370,37,WB
7,12,9:17:18 AM,1,2,65,1571,15,WB
7,12,9:17:21 AM,1,2,65,1466,3,WB
7,12,9:18:39 AM,1,5,65,3790,78,WB
7,12,9:19:55 AM,1,2,68,1330,76,WB
7,12,9:19:59 AM,1,6,74,2575,4,WB
7,12,9:20:05 AM,1,2,68,1425,6,WB
7,12,9:20:11 AM,1,2,69,1470,6,WB
7,12,9:20:19 AM,1,2,72,1265,8,WB
7,12,9:20:26 AM,1,2,68,1466,7,WB
7,12,9:20:47 AM,1,3,68,1610,21,WB
7,12,9:21:06 AM,1,2,77,1634,19,WB
7,12,9:22:00 AM,1,2,64,1429,54,WB
7,12,9:22:08 AM,1,2,69,1616,8,WB
7,12,9:22:10 AM,1,2,67,1633,2,WB
7,12,9:23:15 AM,1,2,74,1468,65,WB
7,12,9:25:48 AM,1,2,69,1573,153,WB
7,12,9:26:02 AM,1,2,65,1494,14,WB
7,12,9:26:05 AM,1,2,65,1612,3,WB
7,12,9:26:07 AM,1,2,68,1485,2,WB
7,12,9:26:09 AM,1,3,71,1396,2,WB
7,12,9:26:31 AM,1,2,85,1668,22,WB
7,12,9:26:51 AM,1,2,77,1638,20,WB
7,12,9:27:08 AM,1,2,73,1460,17,WB
7,12,9:27:41 AM,1,9,61,6918,33,WB
7,12,9:29:07 AM,1,2,65,1579,86,WB
7,12,9:29:27 AM,1,2,70,1462,20,WB
7,12,9:29:28 AM,1,2,73,1644,1,WB
7,12,9:30:05 AM,1,2,70,1425,37,WB
7,12,9:30:09 AM,1,2,70,1467,4,WB
7,12,9:30:24 AM,1,3,75,1850,15,WB
7,12,9:30:43 AM,1,3,82,1886,19,WB
7,12,9:30:48 AM,1,2,76,1648,5,WB
7,12,9:30:57 AM,1,3,79,1692,9,WB
7,12,9:31:23 AM,1,3,71,1765,26,WB
7,12,9:31:44 AM,1,2,67,1441,21,WB
7,12,9:31:45 AM,1,2,68,1340,1,WB
7,12,9:32:48 AM,1,3,66,1659,63,WB
7,12,9:32:51 AM,1,2,65,1038,3,WB
7,12,9:33:57 AM,1,2,67,1643,66,WB
7,12,9:34:10 AM,1,3,61,1434,13,WB
7,12,9:34:51 AM,1,3,72,1648,41,WB
7,12,9:35:05 AM,1,3,69,1706,14,WB
7,12,9:35:36 AM,1,3,71,1641,31,WB
7,12,9:35:40 AM,1,2,72,1533,4,WB
7,12,9:36:47 AM,1,2,71,1521,67,WB
7,12,9:37:20 AM,1,2,71,1406,33,WB
7,12,9:38:04 AM,1,5,66,5850,44,WB
7,12,9:38:38 AM,1,3,82,1583,34,WB
7,12,9:39:31 AM,1,2,72,1308,53,WB
7,12,9:39:48 AM,1,3,71,1755,17,WB
7,12,9:40:13 AM,1,3,72,1812,25,WB
7,12,9:40:56 AM,1,2,74,1500,43,WB
7,12,9:41:11 AM,1,2,71,1407,15,WB
7,12,9:42:54 AM,1,2,62,1566,103,WB
7,12,9:43:03 AM,1,3,60,1747,9,WB
7,12,9:45:15 AM,1,2,67,1354,132,WB
7,12,9:45:17 AM,1,2,66,1479,2,WB
7,12,9:45:23 AM,1,2,71,1276,6,WB
7,12,9:45:55 AM,1,3,66,1464,32,WB
7,12,9:46:18 AM,1,6,60,2750,23,WB
7,12,9:47:55 AM,1,3,69,1419,97,WB
7,12,9:48:16 AM,1,2,72,1689,21,WB
7,12,9:49:29 AM,1,9,66,6508,73,WB
7,12,9:49:34 AM,1,3,69,1570,5,WB
7,12,9:50:04 AM,1,4,67,3394,30,WB
7,12,9:50:23 AM,1,3,91,1721,19,WB
7,12,9:50:37 AM,1,2,71,1453,14,WB
7,12,9:51:42 AM,1,2,72,1403,65,WB
7,12,9:52:53 AM,1,2,69,1473,71,WB
7,12,9:54:23 AM,1,5,60,4700,90,WB
7,12,9:55:04 AM,1,2,0,1005,41,WB
7,12,9:55:34 AM,1,2,73,1309,30,WB
7,12,9:55:35 AM,1,2,54,1310,1,WB
7,12,9:55:38 AM,1,3,57,1647,3,WB
7,12,9:55:40 AM,1,2,59,1597,2,WB
7,12,9:55:41 AM,1,3,58,1687,1,WB
7,12,9:55:43 AM,1,3,63,1596,2,WB
7,12,9:55:50 AM,1,10,64,6583,7,WB
7,12,9:59:38 AM,1,3,68,1685,228,WB
7,13,9:01:16 AM,1,13,57,9557,86,WB
7,13,9:01:20 AM,1,2,55,1430,4,WB
7,13,9:01:26 AM,1,6,56,2586,6,WB
7,13,9:01:27 AM,1,2,56,1358,1,WB
7,13,9:01:28 AM,1,2,56,1670,1,WB
7,13,9:02:15 AM,1,2,60,1523,47,WB
7,13,9:02:24 AM,1,2,55,1347,9,WB
7,13,9:03:03 AM,1,2,69,1473,39,WB
7,13,9:03:05 AM,1,2,67,1269,2,WB
7,13,9:03:19 AM,1,3,62,1877,14,WB
7,13,9:04:29 AM,1,2,69,1544,70,WB
7,13,9:04:51 AM,1,3,65,1682,22,WB
7,13,9:05:25 AM,1,2,63,1408,34,WB
7,13,9:05:27 AM,1,9,61,4827,2,WB
7,13,9:05:35 AM,1,3,72,1972,8,WB
7,13,9:06:34 AM,1,6,65,2682,59,WB
7,13,9:06:44 AM,1,2,68,1570,10,WB
7,13,9:07:51 AM,1,3,66,3328,67,WB
7,13,9:08:04 AM,1,3,64,1664,13,WB
7,13,9:09:40 AM,1,2,71,1432,96,WB
7,13,9:10:46 AM,1,3,71,3997,#REF!,WB
7,13,9:11:22 AM,1,3,68,4557,36,WB
7,13,9:11:26 AM,1,2,72,1414,4,WB
7,13,9:11:40 AM,1,3,65,1661,14,WB
7,13,9:12:14 AM,1,3,69,1453,34,WB
7,13,9:12:55 AM,1,2,69,1600,41,WB
7,13,9:12:57 AM,1,2,68,1485,2,WB
7,13,9:13:00 AM,1,2,74,1468,3,WB
7,13,9:13:29 AM,1,9,61,5851,29,WB
7,13,9:13:35 AM,1,2,78,1526,6,WB
7,13,9:16:29 AM,1,6,58,3054,174,WB
7,13,9:16:42 AM,1,2,59,1293,13,WB
7,13,9:16:57 AM,1,3,75,1728,15,WB
7,13,9:17:48 AM,1,2,72,1526,51,WB
7,13,9:17:56 AM,1,2,78,1446,8,WB
7,13,9:18:22 AM,1,2,75,1492,26,WB
7,13,9:18:39 AM,1,2,75,1388,17,WB
7,13,9:20:34 AM,1,2,72,1410,115,WB
7,13,9:20:48 AM,1,2,68,1330,14,WB
7,13,9:21:15 AM,1,3,76,1732,27,WB
7,13,9:21:30 AM,1,2,71,1479,15,WB
7,13,9:21:36 AM,1,14,0,276,6,WB
7,13,9:22:17 AM,1,3,62,1628,41,WB
7,13,9:22:18 AM,1,2,72,1515,1,WB
7,13,9:22:20 AM,1,3,71,1739,2,WB
7,13,9:22:23 AM,1,3,69,1799,3,WB
7,13,9:22:25 AM,1,2,68,1507,2,WB
7,13,9:22:30 AM,1,2,76,1653,5,WB
7,13,9:22:44 AM,1,2,68,1495,14,WB
7,13,9:22:53 AM,1,2,64,1457,9,WB
7,13,9:23:00 AM,1,3,66,3635,7,WB
7,13,9:24:22 AM,1,2,72,1685,82,WB
7,13,9:24:40 AM,1,3,70,1622,18,WB
7,13,9:26:07 AM,1,2,81,1358,87,WB
7,13,9:26:47 AM,1,2,65,1641,40,WB
7,13,9:26:49 AM,1,3,67,3689,2,WB
7,13,9:27:12 AM,1,2,77,1368,23,WB
7,13,9:27:15 AM,1,2,71,1328,3,WB
7,13,9:27:23 AM,1,3,72,1989,8,WB
7,13,9:27:58 AM,1,2,57,2697,35,WB
7,13,9:28:21 AM,1,14,72,291,23,WB
7,13,9:28:24 AM,1,14,0,187,3,WB
7,13,9:29:15 AM,1,2,73,1439,51,WB
7,13,9:29:18 AM,1,2,71,1523,3,WB
7,13,9:29:57 AM,1,2,73,1482,39,WB
7,13,9:30:29 AM,1,5,65,4754,32,WB
7,13,9:30:30 AM,1,2,65,1581,1,WB
7,13,9:30:31 AM,1,2,65,1453,1,WB
7,13,9:30:51 AM,1,3,72,1646,20,WB
7,13,9:30:59 AM,1,3,69,1717,8,WB
7,13,9:31:05 AM,1,2,68,1340,6,WB
7,13,9:31:10 AM,1,3,69,1711,5,WB
7,13,9:31:16 AM,1,2,72,1592,6,WB
7,13,9:31:20 AM,1,2,72,1442,4,WB
7,13,9:31:23 AM,1,3,71,1683,3,WB
7,13,9:32:20 AM,1,3,57,1661,57,WB
7,13,9:32:20 AM,1,14,155,8911,0,WB
7,13,9:33:30 AM,1,3,64,1627,70,WB
7,13,9:34:11 AM,1,2,65,1462,41,WB
7,13,9:35:28 AM,1,2,67,1473,77,WB
7,13,9:36:45 AM,1,2,63,1207,77,WB
7,13,9:37:52 AM,1,2,76,1575,67,WB
7,13,9:41:08 AM,1,3,75,1611,196,WB
7,13,9:42:24 AM,1,3,68,1920,76,WB
7,13,9:43:22 AM,1,2,67,1471,58,WB
7,13,9:43:25 AM,1,3,69,1539,3,WB
7,13,9:43:38 AM,1,2,69,1588,13,WB
7,13,9:44:01 AM,1,6,61,3495,23,WB
7,13,9:44:03 AM,1,2,63,1414,2,WB
7,13,9:44:54 AM,1,2,71,1392,51,WB
7,13,9:45:45 AM,1,3,55,1640,51,WB
7,13,9:45:59 AM,1,2,76,1378,14,WB
7,13,9:46:17 AM,1,2,77,1495,18,WB
7,13,9:47:48 AM,1,2,54,1091,91,WB
7,13,9:47:50 AM,1,2,56,1329,2,WB
7,13,9:47:52 AM,1,3,59,4319,2,WB
7,13,9:47:53 AM,1,2,67,1545,1,WB
7,13,9:48:39 AM,1,2,63,1465,46,WB
7,13,9:48:46 AM,1,2,64,1462,7,WB
7,13,9:48:47 AM,1,2,67,1564,1,WB
7,13,9:48:58 AM,1,2,78,1434,11,WB
7,13,9:49:20 AM,1,2,69,1357,22,WB
7,13,9:49:26 AM,1,2,68,1385,6,WB
7,13,9:50:38 AM,1,2,71,1492,72,WB
7,13,9:50:46 AM,1,2,71,1444,8,WB
7,13,9:50:50 AM,1,3,79,1710,4,WB
7,13,9:51:20 AM,1,2,69,1600,30,WB
7,13,9:51:38 AM,1,2,71,1495,18,WB
7,13,9:52:01 AM,1,2,69,1629,23,WB
7,13,9:52:30 AM,1,3,79,1675,29,WB
7,13,9:52:47 AM,1,5,62,2870,17,WB
7,13,9:52:48 AM,1,2,64,1495,1,WB
7,13,9:53:04 AM,1,3,74,1670,16,WB
7,13,9:53:12 AM,1,3,67,1418,8,WB
7,13,9:53:23 AM,1,3,54,1722,11,WB
7,13,9:53:26 AM,1,2,72,1499,3,WB
7,13,9:55:25 AM,1,2,78,1694,119,WB
7,13,9:56:04 AM,1,5,59,3106,39,WB
7,13,9:56:05 AM,1,2,59,1328,1,WB
7,13,9:56:07 AM,1,2,64,1547,2,WB
7,13,9:56:08 AM,1,3,64,1731,1,WB
7,13,9:56:43 AM,1,14,134,2577,35,WB
7,13,9:57:15 AM,1,2,74,1637,32,WB
7,13,9:57:45 AM,1,3,73,1341,30,WB
7,13,9:58:11 AM,1,2,67,1517,26,WB
7,13,9:58:27 AM,1,2,64,1488,16,WB
7,13,9:59:03 AM,1,2,77,1432,36,WB
7,13,9:59:56 AM,1,2,66,1606,53,WB
7,14,9:01:26 AM,1,3,68,1855,134,WB
7,14,9:01:44 AM,1,2,64,1416,18,WB
7,14,9:02:56 AM,1,2,75,1288,72,WB
7,14,9:04:12 AM,1,2,80,1606,76,WB
7,14,9:05:39 AM,1,2,70,1384,87,WB
7,14,9:05:44 AM,1,3,70,1586,5,WB
7,14,9:06:30 AM,1,2,67,1334,46,WB
7,14,9:06:35 AM,1,2,65,1398,5,WB
7,14,9:07:07 AM,1,3,56,1506,32,WB
7,14,9:07:24 AM,1,2,62,1406,17,WB
7,14,9:07:26 AM,1,9,59,6128,2,WB
7,14,9:07:34 AM,1,2,63,1338,8,WB
7,14,9:07:36 AM,1,3,65,1355,2,WB
7,14,9:07:41 AM,1,3,69,1463,5,WB
7,14,9:08:01 AM,1,3,70,1617,20,WB
7,14,9:09:12 AM,1,2,72,3033,71,WB
7,14,9:09:14 AM,1,2,73,1439,2,WB
7,14,9:09:16 AM,1,2,75,1616,2,WB
7,14,9:09:22 AM,1,3,80,3314,6,WB
7,14,9:10:05 AM,1,2,56,1448,43,WB
7,14,9:10:05 AM,1,3,56,1804,0,WB
7,14,9:10:08 AM,1,3,57,4482,3,WB
7,14,9:10:24 AM,1,2,77,1541,16,WB
7,14,9:10:41 AM,1,2,77,1504,17,WB
7,14,9:11:38 AM,1,3,67,2053,57,WB
7,14,9:11:49 AM,1,2,85,1518,11,WB
7,14,9:12:36 AM,1,2,69,1377,47,WB
7,14,9:12:46 AM,1,3,75,3297,10,WB
7,14,9:12:58 AM,1,3,71,1634,12,WB
7,14,9:13:38 AM,1,2,0,1250,40,WB
7,14,9:14:05 AM,1,3,72,1817,27,WB
7,14,9:14:37 AM,1,3,63,1737,32,WB
7,14,9:15:15 AM,1,3,61,1773,38,WB
7,14,9:15:29 AM,1,2,77,1507,14,WB
7,14,9:15:46 AM,1,2,70,1555,17,WB
7,14,9:16:00 AM,1,2,70,1632,14,WB
7,14,9:16:32 AM,1,2,63,1366,32,WB
7,14,9:16:34 AM,1,2,67,1545,2,WB
7,14,9:16:49 AM,1,3,79,1774,15,WB
7,14,9:17:51 AM,1,2,0,1138,62,WB
7,14,9:18:19 AM,1,2,67,1488,28,WB
7,14,9:18:21 AM,1,2,72,1705,2,WB
7,14,9:19:10 AM,1,2,0,1107,49,WB
7,14,9:19:21 AM,1,2,72,1584,11,WB
7,14,9:19:28 AM,1,2,69,1453,7,WB
7,14,9:19:36 AM,1,2,71,1568,8,WB
7,14,9:20:23 AM,1,2,71,1411,47,WB
7,14,9:21:43 AM,1,3,70,1637,80,WB
7,14,9:24:06 AM,1,3,70,1653,143,WB
7,14,9:24:26 AM,1,3,67,1727,20,WB
7,14,9:24:44 AM,1,3,71,3123,18,WB
7,14,9:26:11 AM,1,2,68,1537,87,WB
7,14,9:26:21 AM,1,2,67,1388,10,WB
7,14,9:26:28 AM,1,3,65,1480,7,WB
7,14,9:26:31 AM,1,3,69,1336,3,WB
7,14,9:27:12 AM,1,2,53,1487,41,WB
7,14,9:27:35 AM,1,2,67,1599,23,WB
7,14,9:29:39 AM,1,3,69,1844,124,WB
7,14,9:29:43 AM,1,2,65,1448,4,WB
7,14,9:29:44 AM,1,3,79,1587,1,WB
7,14,9:29:46 AM,1,2,75,1333,2,WB
7,14,9:30:49 AM,1,3,67,1800,63,WB
7,14,9:31:14 AM,1,9,65,5532,25,WB
7,14,9:34:11 AM,1,3,71,1860,177,WB
7,14,9:35:14 AM,1,2,63,1389,63,WB
7,14,9:36:29 AM,1,2,83,1452,75,WB
7,14,9:36:34 AM,1,2,78,1498,5,WB
7,14,9:38:00 AM,1,2,71,1328,86,WB
7,14,9:38:05 AM,1,2,71,1497,5,WB
7,14,9:38:23 AM,1,14,155,7450,18,WB
7,14,9:38:26 AM,1,3,65,1651,3,WB
7,14,9:39:43 AM,1,2,73,1552,77,WB
7,14,9:40:23 AM,1,2,66,1459,40,WB
7,14,9:40:25 AM,1,2,66,1396,2,WB
7,14,9:40:29 AM,1,2,72,1563,4,WB
7,14,9:40:33 AM,1,3,70,1824,4,WB
7,14,9:42:10 AM,1,3,49,1700,97,WB
7,14,9:42:56 AM,1,2,74,1386,46,WB
7,14,9:44:00 AM,1,2,68,1492,64,WB
7,14,9:44:31 AM,1,2,75,1294,31,WB
7,14,9:45:13 AM,1,3,73,1660,42,WB
7,14,9:46:19 AM,1,3,68,1865,66,WB
7,14,9:47:49 AM,1,3,78,1700,90,WB
7,14,9:48:17 AM,1,2,70,1405,28,WB
7,14,9:48:18 AM,1,2,71,1615,1,WB
7,14,9:48:21 AM,1,2,69,1443,3,WB
7,14,9:48:27 AM,1,2,68,1465,6,WB
7,14,9:48:32 AM,1,3,74,1888,5,WB
7,14,9:48:44 AM,1,2,71,1450,12,WB
7,14,9:49:33 AM,1,3,73,1687,49,WB
7,14,9:49:58 AM,1,2,75,1393,25,WB
7,14,9:50:19 AM,1,2,69,1397,21,WB
7,14,9:50:49 AM,1,3,67,4681,30,WB
7,14,9:50:50 AM,1,3,69,1716,1,WB
7,14,9:51:17 AM,1,2,69,1434,27,WB
7,14,9:51:29 AM,1,3,63,4082,12,WB
7,14,9:51:39 AM,1,3,71,1651,10,WB
7,14,9:51:49 AM,1,2,68,1275,10,WB
7,14,9:52:15 AM,1,3,67,1587,26,WB
7,14,9:52:23 AM,1,2,71,1583,8,WB
7,14,9:53:18 AM,1,2,71,1523,55,WB
7,14,9:53:27 AM,1,2,75,1453,9,WB
7,14,9:55:23 AM,1,3,73,1731,116,WB
7,14,9:55:45 AM,1,14,53,6408,22,WB
7,14,9:56:01 AM,1,2,65,1494,16,WB
7,14,9:56:13 AM,1,2,68,1542,12,WB
7,14,9:57:23 AM,1,14,64,4045,70,WB
7,14,9:57:39 AM,1,5,62,2550,16,WB
7,14,9:57:40 AM,1,14,155,13910,1,WB
7,14,9:57:41 AM,1,1,0,570,1,WB
7,14,9:57:42 AM,1,4,155,7516,1,WB
7,14,9:57:43 AM,1,2,65,1331,1,WB
7,14,9:57:53 AM,1,2,68,1517,10,WB
7,14,9:58:03 AM,1,2,72,1605,10,WB
7,14,9:58:05 AM,1,3,70,1674,2,WB
7,14,9:58:11 AM,1,3,74,1855,6,WB
7,15,9:00:08 AM,1,3,70,1612,145,WB
7,15,9:01:16 AM,1,3,67,1497,68,WB
7,15,9:01:33 AM,1,2,72,1442,17,WB
7,15,9:01:49 AM,1,9,61,6731,16,WB
7,15,9:02:01 AM,1,2,72,1582,12,WB
7,15,9:02:12 AM,1,2,69,1496,11,WB
7,15,9:03:17 AM,1,3,65,2862,65,WB
7,15,9:03:21 AM,1,3,61,4001,4,WB
7,15,9:03:40 AM,1,2,74,1631,19,WB
7,15,9:04:20 AM,1,2,77,1512,40,WB
7,15,9:04:51 AM,1,3,70,1622,31,WB
7,15,9:05:06 AM,1,2,68,1435,15,WB
7,15,9:05:09 AM,1,3,68,1805,3,WB
7,15,9:05:12 AM,1,3,72,1664,3,WB
7,15,9:05:16 AM,1,2,77,1521,4,WB
7,15,9:07:55 AM,1,2,51,1370,159,WB
7,15,9:09:01 AM,1,2,69,1529,66,WB
7,15,9:09:35 AM,1,3,61,1809,34,WB
7,15,9:10:42 AM,1,2,75,1662,67,WB
7,15,9:12:46 AM,1,3,66,3089,124,WB
7,15,9:12:52 AM,1,2,70,1627,6,WB
7,15,9:14:21 AM,1,2,69,1532,89,WB
7,15,9:14:28 AM,1,3,65,3030,7,WB
7,15,9:14:35 AM,1,2,75,1387,7,WB
7,15,9:14:36 AM,1,3,77,2166,1,WB
7,15,9:15:16 AM,1,2,75,1544,40,WB
7,15,9:15:39 AM,1,3,73,1709,23,WB
7,15,9:15:58 AM,1,14,59,2832,19,WB
7,15,9:16:06 AM,1,2,73,1525,8,WB
7,15,9:17:12 AM,1,2,69,1465,66,WB
7,15,9:18:11 AM,1,2,72,1453,59,WB
7,15,9:19:08 AM,1,2,64,1669,57,WB
7,15,9:20:13 AM,1,3,0,1650,65,WB
7,15,9:21:47 AM,1,9,62,6410,94,WB
7,15,9:22:32 AM,1,2,71,1465,45,WB
7,15,9:23:17 AM,1,3,70,3872,45,WB
7,15,9:23:19 AM,1,3,70,1762,2,WB
7,15,9:24:03 AM,1,2,72,1276,44,WB
7,15,9:25:07 AM,1,3,75,1705,64,WB
7,15,9:25:51 AM,1,2,64,1340,44,WB
7,15,9:26:54 AM,1,3,60,1422,63,WB
7,15,9:27:40 AM,1,2,74,1462,46,WB
7,15,9:28:17 AM,1,3,61,1590,37,WB
7,15,9:29:00 AM,1,2,65,1448,43,WB
7,15,9:29:05 AM,1,3,71,1735,5,WB
7,15,9:29:08 AM,1,3,79,1820,3,WB
7,15,9:30:21 AM,1,2,55,1278,73,WB
7,15,9:30:27 AM,1,2,61,1478,6,WB
7,15,9:31:57 AM,1,2,79,1582,90,WB
7,15,9:32:20 AM,1,2,73,1347,23,WB
7,15,9:33:21 AM,1,3,69,1793,61,WB
7,15,9:33:39 AM,1,2,68,1445,18,WB
7,15,9:34:55 AM,1,3,50,4391,76,WB
7,15,9:34:56 AM,1,2,54,1488,1,WB
7,15,9:34:59 AM,1,2,54,1523,3,WB
7,15,9:35:02 AM,1,2,51,1676,3,WB
7,15,9:35:36 AM,1,2,61,1429,34,WB
7,15,9:36:17 AM,1,2,60,1448,41,WB
7,15,9:37:18 AM,1,2,70,1306,61,WB
7,15,9:37:23 AM,1,2,0,756,5,WB
7,15,9:37:45 AM,1,2,70,1239,22,WB
7,15,9:37:48 AM,1,2,68,1375,3,WB
7,15,9:38:20 AM,1,2,44,1374,32,WB
7,15,9:38:25 AM,1,3,67,1412,5,WB
7,15,9:38:31 AM,1,3,72,1579,6,WB
7,15,9:39:30 AM,1,2,75,1117,59,WB
7,15,9:39:44 AM,1,2,73,1477,14,WB
7,15,9:40:06 AM,1,2,57,1478,22,WB
7,15,9:40:44 AM,1,2,75,1572,38,WB
7,15,9:40:49 AM,1,2,74,1380,5,WB
7,15,9:41:24 AM,1,2,68,1466,35,WB
7,15,9:42:06 AM,1,2,72,1453,42,WB
7,15,9:43:03 AM,1,3,81,1718,57,WB
7,15,9:43:09 AM,1,2,71,1476,6,WB
7,15,9:43:12 AM,1,3,81,1844,3,WB
7,15,9:43:43 AM,1,3,67,1607,31,WB
7,15,9:43:46 AM,1,3,62,2971,3,WB
7,15,9:43:53 AM,1,2,63,1301,7,WB
7,15,9:44:16 AM,1,2,69,1295,23,WB
7,15,9:45:11 AM,1,2,77,1410,55,WB
7,15,9:45:31 AM,1,3,66,3547,20,WB
7,15,9:46:22 AM,1,2,61,1490,51,WB
7,15,9:47:40 AM,1,2,72,1400,78,WB
7,15,9:48:21 AM,1,3,57,3945,41,WB
7,15,9:48:22 AM,1,3,55,1443,1,WB
7,15,9:48:23 AM,1,2,61,1209,1,WB
7,15,9:48:24 AM,1,3,64,1868,1,WB
7,15,9:48:26 AM,1,3,64,1708,2,WB
7,15,9:48:37 AM,1,3,52,1675,11,WB
7,15,9:48:55 AM,1,2,72,1499,18,WB
7,15,9:49:18 AM,1,3,72,1664,23,WB
7,15,9:51:53 AM,1,5,63,4677,155,WB
7,15,9:53:16 AM,1,2,68,1325,83,WB
7,15,9:53:19 AM,1,2,68,1430,3,WB
7,15,9:53:25 AM,1,2,68,1416,6,WB
7,15,9:53:29 AM,1,2,76,1367,4,WB
7,15,9:54:04 AM,1,2,68,1375,35,WB
7,15,9:54:52 AM,1,2,62,1497,48,WB
7,15,9:55:13 AM,1,2,73,1341,21,WB
7,15,9:55:27 AM,1,3,73,1682,14,WB
7,15,9:55:34 AM,1,2,76,1541,7,WB
7,15,9:55:36 AM,1,2,77,1501,2,WB
7,15,9:57:34 AM,1,2,53,1457,118,WB
7,15,9:57:55 AM,1,3,72,1669,21,WB
7,15,9:58:37 AM,1,3,54,4121,42,WB
7,15,9:58:50 AM,1,2,70,1379,13,WB
7,15,9:58:54 AM,1,2,71,1375,4,WB
7,15,9:59:30 AM,1,3,72,1721,36,WB
7,15,9:59:35 AM,1,2,74,1495,5,WB
7,15,9:59:36 AM,1,3,72,1807,1,WB
7,16,9:00:06 AM,1,3,54,4426,52,WB
7,16,9:00:20 AM,1,5,60,5165,14,WB
7,16,9:00:22 AM,1,2,65,1461,2,WB
7,16,9:00:26 AM,1,2,64,1448,4,WB
7,16,9:00:28 AM,1,3,63,2342,2,WB
7,16,9:01:07 AM,1,3,63,1454,39,WB
7,16,9:01:33 AM,1,3,63,1645,26,WB
7,16,9:01:43 AM,1,2,71,1213,10,WB
7,16,9:02:33 AM,1,3,75,2009,50,WB
7,16,9:02:52 AM,1,2,77,1402,19,WB
7,16,9:03:14 AM,1,2,63,1493,22,WB
7,16,9:03:28 AM,1,3,80,1844,14,WB
7,16,9:03:32 AM,1,3,74,1975,4,WB
7,16,9:03:33 AM,1,1,0,408,1,WB
7,16,9:03:43 AM,1,2,85,1543,10,WB
7,16,9:04:11 AM,1,3,69,1788,28,WB
7,16,9:05:09 AM,1,3,71,1636,58,WB
7,16,9:05:18 AM,1,2,75,1472,9,WB
7,16,9:07:02 AM,1,2,66,1376,104,WB
7,16,9:07:22 AM,1,2,63,1473,20,WB
7,16,9:08:13 AM,1,2,64,1382,51,WB
7,16,9:08:26 AM,1,2,70,1586,13,WB
7,16,9:08:52 AM,1,3,76,1760,26,WB
7,16,9:08:59 AM,1,2,70,1332,7,WB
7,16,9:10:20 AM,1,3,84,1503,81,WB
7,16,9:11:51 AM,1,5,63,4780,91,WB
7,16,9:12:29 AM,1,2,70,1379,38,WB
7,16,9:12:40 AM,1,2,60,2303,11,WB
7,16,9:13:20 AM,1,2,76,1524,40,WB
7,16,9:14:13 AM,1,2,77,1589,53,WB
7,16,9:14:15 AM,1,3,61,1885,2,WB
7,16,9:14:30 AM,1,3,69,1732,#REF!,WB
7,16,9:14:31 AM,1,2,69,1578,1,WB
7,16,9:14:37 AM,1,3,63,1667,6,WB
7,16,9:14:41 AM,1,2,71,1565,4,WB
7,16,9:15:13 AM,1,3,71,1665,32,WB
7,16,9:15:17 AM,1,2,72,1419,4,WB
7,16,9:15:37 AM,1,2,64,1457,20,WB
7,16,9:15:43 AM,1,3,63,1835,6,WB
7,16,9:17:43 AM,1,2,63,1470,120,WB
7,16,9:17:57 AM,1,2,72,1504,14,WB
7,16,9:18:05 AM,1,3,66,1728,8,WB
7,16,9:18:35 AM,1,3,73,1650,30,WB
7,16,9:18:38 AM,1,2,74,1659,3,WB
7,16,9:18:50 AM,1,2,0,1218,12,WB
7,16,9:18:51 AM,1,3,71,1703,1,WB
7,16,9:18:58 AM,1,3,75,1635,7,WB
7,16,9:20:27 AM,1,10,64,7154,89,WB
7,16,9:20:30 AM,1,5,69,1763,3,WB
7,16,9:20:56 AM,1,2,74,1593,26,WB
7,16,9:21:34 AM,1,2,68,1440,38,WB
7,16,9:21:35 AM,1,2,68,1441,1,WB
7,16,9:22:17 AM,1,3,71,1839,42,WB
7,16,9:23:46 AM,1,3,68,1725,89,WB
7,16,9:24:24 AM,1,10,65,7032,38,WB
7,16,9:25:20 AM,1,6,63,2570,56,WB
7,16,9:25:24 AM,1,3,75,1679,4,WB
7,16,9:25:43 AM,1,3,70,3034,19,WB
7,16,9:25:51 AM,1,3,67,1567,8,WB
7,16,9:27:41 AM,1,2,73,1612,110,WB
7,16,9:27:57 AM,1,3,68,1655,16,WB
7,16,9:27:58 AM,1,2,68,1290,1,WB
7,16,9:29:59 AM,1,3,59,1706,121,WB
7,16,9:30:17 AM,1,3,68,1698,18,WB
7,16,9:30:22 AM,1,2,72,2980,5,WB
7,16,9:30:36 AM,1,3,68,1628,14,WB
7,16,9:30:54 AM,1,2,60,1463,18,WB
7,16,9:30:55 AM,1,3,62,2427,1,WB
7,16,9:30:57 AM,1,2,61,1425,2,WB
7,16,9:30:58 AM,1,2,64,1651,1,WB
7,16,9:31:05 AM,1,2,61,1498,7,WB
7,16,9:32:35 AM,1,9,64,4911,90,WB
7,16,9:32:55 AM,1,2,69,1504,20,WB
7,16,9:32:57 AM,1,2,69,1557,2,WB
7,16,9:33:01 AM,1,2,71,1484,4,WB
7,16,9:33:10 AM,1,3,72,1690,9,WB
7,16,9:33:11 AM,1,3,75,1772,1,WB
7,16,9:34:20 AM,1,3,59,3431,69,WB
7,16,9:34:53 AM,1,3,69,1550,33,WB
7,16,9:35:11 AM,1,2,57,1326,18,WB
7,16,9:35:18 AM,1,3,60,1567,7,WB
7,16,9:35:24 AM,1,2,70,1503,6,WB
7,16,9:36:32 AM,1,2,72,1442,68,WB
7,16,9:36:40 AM,1,2,65,1225,8,WB
7,16,9:37:15 AM,1,2,65,1225,35,WB
7,16,9:38:24 AM,1,9,60,4157,69,WB
7,16,9:39:07 AM,1,2,0,1143,43,WB
7,16,9:39:55 AM,1,2,65,1499,48,WB
7,16,9:39:57 AM,1,3,68,1663,2,WB
7,16,9:41:06 AM,1,3,72,3172,69,WB
7,16,9:41:13 AM,1,2,80,1214,7,WB
7,16,9:41:49 AM,1,3,73,1898,36,WB
7,16,9:42:21 AM,1,3,69,1819,32,WB
7,16,9:43:41 AM,1,3,71,1599,80,WB
7,16,9:44:34 AM,1,9,60,7001,53,WB
7,16,9:45:05 AM,1,3,75,1701,31,WB
7,16,9:45:16 AM,1,3,61,1732,11,WB
7,16,9:45:21 AM,1,2,64,1507,5,WB
7,16,9:46:15 AM,1,3,55,3739,54,WB
7,16,9:46:53 AM,1,2,0,992,38,WB
7,16,9:47:57 AM,1,3,72,1664,64,WB
7,16,9:49:03 AM,1,2,79,1459,66,WB
7,16,9:49:07 AM,1,3,70,1720,4,WB
7,16,9:50:20 AM,1,1,0,604,73,WB
7,16,9:50:33 AM,1,3,70,1710,13,WB
7,16,9:50:45 AM,1,2,59,1447,12,WB
7,16,9:50:59 AM,1,2,67,1587,14,WB
7,16,9:51:47 AM,1,2,69,1450,48,WB
7,16,9:51:49 AM,1,2,85,1581,2,WB
7,16,9:52:15 AM,1,3,72,1605,26,WB
7,16,9:52:43 AM,1,3,63,1510,28,WB
7,16,9:53:01 AM,1,3,77,1708,18,WB
7,16,9:53:32 AM,1,9,61,5799,31,WB
7,16,9:53:40 AM,1,2,66,1508,8,WB
7,16,9:54:48 AM,1,2,72,1582,68,WB
7,16,9:55:44 AM,1,2,65,1530,56,WB
7,16,9:56:48 AM,1,3,68,1648,64,WB
7,16,9:56:49 AM,1,2,72,1573,1,WB
7,16,9:56:53 AM,1,2,78,1596,4,WB
7,16,9:57:00 AM,1,3,76,1541,7,WB
7,16,9:57:20 AM,1,2,72,1573,20,WB
7,16,9:57:41 AM,1,2,64,1363,21,WB
7,16,9:58:20 AM,1,3,69,1951,39,WB
7,16,9:59:09 AM,1,2,61,3242,49,WB
7,16,9:59:33 AM,1,2,65,1490,24,WB
7,17,9:00:10 AM,1,2,64,1415,19,WB
7,17,9:00:31 AM,1,2,70,1513,21,WB
7,17,9:01:52 AM,1,2,66,1503,81,WB
7,17,9:02:10 AM,1,3,73,1952,18,WB
7,17,9:02:40 AM,1,9,62,6142,30,WB
7,17,9:06:17 AM,1,2,67,1535,217,WB
7,17,9:06:20 AM,1,2,69,1570,3,WB
7,17,9:06:33 AM,1,2,72,1501,13,WB
7,17,9:06:47 AM,1,3,70,1689,14,WB
7,17,9:06:50 AM,1,3,71,1686,3,WB
7,17,9:07:41 AM,1,3,72,1662,51,WB
7,17,9:07:46 AM,1,3,71,1750,5,WB
7,17,9:10:04 AM,1,10,60,6808,138,WB
7,17,9:10:07 AM,1,2,67,1611,3,WB
7,17,9:11:48 AM,1,2,67,1495,101,WB
7,17,9:12:11 AM,1,3,67,1631,23,WB
7,17,9:12:17 AM,1,2,71,1544,6,WB
7,17,9:13:32 AM,1,4,61,3023,75,WB
7,17,9:14:44 AM,1,2,75,1503,72,WB
7,17,9:14:46 AM,1,2,68,1476,2,WB
7,17,9:15:02 AM,1,3,0,1152,16,WB
7,17,9:15:35 AM,1,2,69,1478,33,WB
7,17,9:15:38 AM,1,2,72,1544,3,WB
7,17,9:17:26 AM,1,2,73,1525,108,WB
7,17,9:17:44 AM,1,2,67,1329,18,WB
7,17,9:18:20 AM,1,2,67,1431,36,WB
7,17,9:18:23 AM,1,2,70,1555,3,WB
7,17,9:18:33 AM,1,2,72,1637,10,WB
7,17,9:19:07 AM,1,2,70,1456,34,WB
7,17,9:20:20 AM,1,2,70,1518,73,WB
7,17,9:20:31 AM,1,3,67,1938,11,WB
7,17,9:20:34 AM,1,2,72,1389,3,WB
7,17,9:20:41 AM,1,3,73,1898,7,WB
7,17,9:20:57 AM,1,2,71,1552,16,WB
7,17,9:21:02 AM,1,2,71,1523,5,WB
7,17,9:21:05 AM,1,3,71,3201,3,WB
7,17,9:21:09 AM,1,3,69,4092,4,WB
7,17,9:21:24 AM,1,2,71,1495,15,WB
7,17,9:21:34 AM,1,2,73,1428,10,WB
7,17,9:22:19 AM,1,2,72,1467,45,WB
7,17,9:22:28 AM,1,2,68,1620,9,WB
7,17,9:23:57 AM,1,2,75,1227,89,WB
7,17,9:24:38 AM,1,2,68,1688,41,WB
7,17,9:24:48 AM,1,2,70,1441,10,WB
7,17,9:24:56 AM,1,2,72,1425,8,WB
7,17,9:26:29 AM,1,3,71,1714,93,WB
7,17,9:26:43 AM,1,2,70,1498,14,WB
7,17,9:26:50 AM,1,3,75,1547,7,WB
7,17,9:28:21 AM,1,3,67,1874,91,WB
7,17,9:28:34 AM,1,3,68,1915,13,WB
7,17,9:28:52 AM,1,3,58,4202,18,WB
7,17,9:29:42 AM,1,2,79,1692,50,WB
7,17,9:30:34 AM,1,3,68,1607,52,WB
7,17,9:30:57 AM,1,3,63,1770,23,WB
7,17,9:31:11 AM,1,2,67,1607,14,WB
7,17,9:31:16 AM,1,2,74,1484,5,WB
7,17,9:31:17 AM,1,3,72,1833,1,WB
7,17,9:32:10 AM,1,2,68,1320,53,WB
7,17,9:32:29 AM,1,5,63,5133,19,WB
7,17,9:32:48 AM,1,5,65,4646,19,WB
7,17,9:32:54 AM,1,2,0,1472,6,WB
7,17,9:33:53 AM,1,2,72,1483,59,WB
7,17,9:34:17 AM,1,2,64,1445,24,WB
7,17,9:34:42 AM,1,2,74,1604,25,WB
7,17,9:35:22 AM,1,14,155,8311,40,WB
7,17,9:35:23 AM,1,14,155,7764,1,WB
7,17,9:36:27 AM,1,2,71,1547,64,WB
7,17,9:36:54 AM,1,2,77,1570,27,WB
7,17,9:37:06 AM,1,2,69,1575,12,WB
7,17,9:37:24 AM,1,3,67,1874,18,WB
7,17,9:37:26 AM,1,2,69,1393,2,WB
7,17,9:39:39 AM,1,6,61,2604,133,WB
7,17,9:39:45 AM,1,3,77,1907,6,WB
7,17,9:40:00 AM,1,2,62,1360,15,WB
7,17,9:40:42 AM,1,3,58,1707,42,WB
7,17,9:40:43 AM,1,2,69,1152,1,WB
7,17,9:40:53 AM,1,2,72,1517,10,WB
7,17,9:41:09 AM,1,3,67,1745,16,WB
7,17,9:41:34 AM,1,5,60,2467,25,WB
7,17,9:41:35 AM,1,3,61,1728,1,WB
7,17,9:41:38 AM,1,2,72,1685,3,WB
7,17,9:42:12 AM,1,2,76,1552,34,WB
7,17,9:42:15 AM,1,2,72,1419,3,WB
7,17,9:42:42 AM,1,2,60,1530,27,WB
7,17,9:42:54 AM,1,2,66,1454,12,WB
7,17,9:45:21 AM,1,2,63,1428,147,WB
7,17,9:45:23 AM,1,2,60,1476,2,WB
7,17,9:45:27 AM,1,9,63,7240,4,WB
7,17,9:45:32 AM,1,2,72,1350,5,WB
7,17,9:45:33 AM,1,2,70,1586,1,WB
7,17,9:46:14 AM,1,3,70,1679,41,WB
7,17,9:46:20 AM,1,2,68,1390,6,WB
7,17,9:46:47 AM,1,2,71,1381,27,WB
7,17,9:46:52 AM,1,3,75,1635,5,WB
7,17,9:47:29 AM,1,2,69,1639,37,WB
7,17,9:49:52 AM,1,2,59,1680,143,WB
7,17,9:49:53 AM,1,2,77,1558,1,WB
7,17,9:50:57 AM,1,2,58,1400,64,WB
7,17,9:51:00 AM,1,2,54,1404,3,WB
7,17,9:51:18 AM,1,2,59,1467,18,WB
7,17,9:51:26 AM,1,3,65,1614,8,WB
7,17,9:51:47 AM,1,2,72,1473,21,WB
7,17,9:52:24 AM,1,3,70,3996,37,WB
7,17,9:54:57 AM,1,9,57,6258,153,WB
7,17,9:56:56 AM,1,2,69,1377,119,WB
7,17,9:56:59 AM,1,2,71,1418,3,WB
7,17,9:57:41 AM,1,3,72,1780,42,WB
7,17,9:59:38 AM,1,3,68,1633,117,WB
7,17,9:59:51 AM,1,2,80,1184,13,WB
7,18,9:00:17 AM,1,2,72,1504,33,WB
7,18,9:00:37 AM,1,2,64,1462,20,WB
7,18,9:01:50 AM,1,2,72,1515,73,WB
7,18,9:03:18 AM,1,3,71,1703,88,WB
7,18,9:03:48 AM,1,2,79,1442,30,WB
7,18,9:03:52 AM,1,2,72,1544,4,WB
7,18,9:04:28 AM,1,2,69,1573,36,WB
7,18,9:05:04 AM,1,3,71,1761,36,WB
7,18,9:05:18 AM,1,2,75,1527,14,WB
7,18,9:05:34 AM,1,3,64,2114,16,WB
7,18,9:05:35 AM,1,3,65,1653,1,WB
7,18,9:05:37 AM,1,5,70,2279,2,WB
7,18,9:05:45 AM,1,3,74,1631,8,WB
7,18,9:06:19 AM,1,2,77,1544,34,WB
7,18,9:06:55 AM,1,2,67,1535,36,WB
7,18,9:06:59 AM,1,3,73,1785,4,WB
7,18,9:07:09 AM,1,2,69,1382,10,WB
7,18,9:07:30 AM,1,2,68,1540,21,WB
7,18,9:08:41 AM,1,2,72,1334,71,WB
7,18,9:09:05 AM,1,3,68,1607,24,WB
7,18,9:09:29 AM,1,3,67,1712,24,WB
7,18,9:10:42 AM,1,2,72,1366,73,WB
7,18,9:12:34 AM,1,2,72,1334,112,WB
7,18,9:12:41 AM,1,3,74,1926,7,WB
7,18,9:13:13 AM,1,3,69,1465,32,WB
7,18,9:14:04 AM,1,3,62,1697,51,WB
7,18,9:14:06 AM,1,3,66,2030,2,WB
7,18,9:14:53 AM,1,2,71,1413,47,WB
7,18,9:15:09 AM,1,2,66,1425,16,WB
7,18,9:15:37 AM,1,2,73,1293,28,WB
7,18,9:17:32 AM,1,3,69,3131,115,WB
7,18,9:17:33 AM,1,3,70,1725,1,WB
7,18,9:17:41 AM,1,3,77,1804,8,WB
7,18,9:17:53 AM,1,3,80,3602,12,WB
7,18,9:18:07 AM,1,3,63,1606,14,WB
7,18,9:18:39 AM,1,3,69,2073,32,WB
7,18,9:22:13 AM,1,2,71,1560,214,WB
7,18,9:22:16 AM,1,2,80,1461,3,WB
7,18,9:22:19 AM,1,2,80,1606,3,WB
7,18,9:23:18 AM,1,2,64,2785,59,WB
7,18,9:23:20 AM,1,2,67,1490,2,WB
7,18,9:23:26 AM,1,2,75,1525,6,WB
7,18,9:24:27 AM,1,9,62,6640,61,WB
7,18,9:25:51 AM,1,3,71,1594,84,WB
7,18,9:25:59 AM,1,2,70,1715,8,WB
7,18,9:26:26 AM,1,2,57,1530,27,WB
7,18,9:26:39 AM,1,3,62,1508,13,WB
7,18,9:26:44 AM,1,2,69,1434,5,WB
7,18,9:27:05 AM,1,2,71,1406,21,WB
7,18,9:27:19 AM,1,2,76,1356,14,WB
7,18,9:29:07 AM,1,2,0,1503,108,WB
7,18,9:29:08 AM,1,2,60,1466,1,WB
7,18,9:30:00 AM,1,2,67,1373,52,WB
7,18,9:30:39 AM,1,3,62,1680,39,WB
7,18,9:31:24 AM,1,2,77,1570,45,WB
7,18,9:32:28 AM,1,3,68,1875,64,WB
7,18,9:33:24 AM,1,2,72,1457,56,WB
7,18,9:33:41 AM,1,3,68,1779,17,WB
7,18,9:35:31 AM,1,3,71,1599,110,WB
7,18,9:36:23 AM,1,3,65,1547,52,WB
7,18,9:37:33 AM,1,2,71,1339,70,WB
7,18,9:37:54 AM,1,3,63,1512,21,WB
7,18,9:38:11 AM,1,2,73,1412,17,WB
7,18,9:38:21 AM,1,3,67,1500,10,WB
7,18,9:38:24 AM,1,3,76,1855,3,WB
7,18,9:38:43 AM,1,2,80,1523,19,WB
7,18,9:39:17 AM,1,5,62,3063,34,WB
7,18,9:39:18 AM,1,2,64,1387,1,WB
7,18,9:39:47 AM,1,2,68,1360,29,WB
7,18,9:40:09 AM,1,5,74,2335,22,WB
7,18,9:42:48 AM,1,2,69,1550,159,WB
7,18,9:43:24 AM,1,6,57,3032,36,WB
7,18,9:43:58 AM,1,3,66,1903,34,WB
7,18,9:46:17 AM,1,2,72,1641,139,WB
7,18,9:46:48 AM,1,3,69,1626,31,WB
7,18,9:47:25 AM,1,3,67,1850,37,WB
7,18,9:47:32 AM,1,2,71,1502,7,WB
7,18,9:47:44 AM,1,2,66,1376,12,WB
7,18,9:47:45 AM,1,2,70,1658,1,WB
7,18,9:48:06 AM,1,2,80,1485,21,WB
7,18,9:48:17 AM,1,2,67,1428,11,WB
7,18,9:48:55 AM,1,3,69,1480,38,WB
7,18,9:49:05 AM,1,3,64,1721,10,WB
7,18,9:49:10 AM,1,2,69,1680,5,WB
7,18,9:49:14 AM,1,3,79,3818,4,WB
7,18,9:49:23 AM,1,2,67,1309,9,WB
7,18,9:49:55 AM,1,3,69,1716,32,WB
7,18,9:49:59 AM,1,2,65,1429,4,WB
7,18,9:50:13 AM,1,2,74,1599,14,WB
7,18,9:51:00 AM,1,2,69,1373,47,WB
7,18,9:51:07 AM,1,3,69,4183,7,WB
7,18,9:51:11 AM,1,2,69,1539,4,WB
7,18,9:51:30 AM,1,2,0,876,19,WB
7,18,9:51:49 AM,1,2,0,934,19,WB
7,18,9:52:10 AM,1,13,69,9263,21,WB
7,18,9:52:19 AM,1,6,63,2679,9,WB
7,18,9:52:20 AM,1,2,66,1474,1,WB
7,18,9:52:22 AM,1,2,64,1387,2,WB
7,18,9:52:26 AM,1,2,73,1152,4,WB
7,18,9:52:47 AM,1,2,69,1361,21,WB
7,18,9:52:54 AM,1,2,68,1507,7,WB
7,18,9:53:01 AM,1,2,71,1444,7,WB
7,18,9:53:54 AM,1,3,71,1719,53,WB
7,18,9:54:25 AM,1,3,77,1431,31,WB
7,18,9:54:31 AM,1,2,81,1466,6,WB
7,18,9:55:56 AM,1,2,72,1382,85,WB
7,18,9:56:35 AM,1,3,61,1577,39,WB
7,18,9:56:41 AM,1,2,75,1388,6,WB
7,18,9:58:53 AM,1,2,62,1575,132,WB
7,19,9:00:19 AM,1,2,70,1539,46,WB
7,19,9:03:04 AM,1,3,55,1656,165,WB
7,19,9:03:50 AM,1,1,77,446,46,WB
7,19,9:04:01 AM,1,2,82,1419,11,WB
7,19,9:05:13 AM,1,2,71,1317,72,WB
7,19,9:05:16 AM,1,2,72,1462,3,WB
7,19,9:05:17 AM,1,3,72,1749,1,WB
7,19,9:05:30 AM,1,2,61,1613,13,WB
7,19,9:05:59 AM,1,2,71,1450,29,WB
7,19,9:07:18 AM,1,2,55,1566,79,WB
7,19,9:07:30 AM,1,2,80,1632,12,WB
7,19,9:07:57 AM,1,2,83,1525,27,WB
7,19,9:08:34 AM,1,2,72,1603,37,WB
7,19,9:08:39 AM,1,2,72,1587,5,WB
7,19,9:08:49 AM,1,3,72,1758,10,WB
7,19,9:10:26 AM,1,2,75,1459,97,WB
7,19,9:10:53 AM,1,3,69,1844,27,WB
7,19,9:12:16 AM,1,9,61,4777,83,WB
7,19,9:12:49 AM,1,2,67,1468,33,WB
7,19,9:13:42 AM,1,2,69,1480,53,WB
7,19,9:13:59 AM,1,3,66,1898,17,WB
7,19,9:14:00 AM,1,2,75,1327,1,WB
7,19,9:15:57 AM,1,2,57,1405,117,WB
7,19,9:16:42 AM,1,2,61,1451,45,WB
7,19,9:18:54 AM,1,9,61,6408,132,WB
7,19,9:18:59 AM,1,3,68,1663,5,WB
7,19,9:20:00 AM,1,2,71,1407,61,WB
7,19,9:20:04 AM,1,3,71,1928,4,WB
7,19,9:22:00 AM,1,2,69,1504,116,WB
7,19,9:22:04 AM,1,2,70,1441,4,WB
7,19,9:22:28 AM,1,3,68,1507,24,WB
7,19,9:22:50 AM,1,3,72,1694,22,WB
7,19,9:23:16 AM,1,2,72,1239,26,WB
7,19,9:23:17 AM,1,3,71,1610,1,WB
7,19,9:23:18 AM,1,3,70,1844,1,WB
7,19,9:23:32 AM,1,2,73,1260,14,WB
7,19,9:25:37 AM,1,3,80,1648,125,WB
7,19,9:26:11 AM,1,3,80,1891,34,WB
7,19,9:26:45 AM,1,6,64,2816,34,WB
7,19,9:26:59 AM,1,2,71,1594,14,WB
7,19,9:27:02 AM,1,2,68,1466,3,WB
7,19,9:27:04 AM,1,3,72,1653,2,WB
7,19,9:27:12 AM,1,3,70,1441,8,WB
7,19,9:27:18 AM,1,2,73,1606,6,WB
7,19,9:27:30 AM,1,6,64,2312,12,WB
7,19,9:27:41 AM,1,3,64,4231,11,WB
7,19,9:28:24 AM,1,2,45,1270,43,WB
7,19,9:28:25 AM,1,2,45,1392,1,WB
7,19,9:29:29 AM,1,2,73,1574,64,WB
7,19,9:29:46 AM,1,2,57,1480,17,WB
7,19,9:29:57 AM,1,2,79,1529,11,WB
7,19,9:31:38 AM,1,2,69,1501,101,WB
7,19,9:31:49 AM,1,3,69,1646,11,WB
7,19,9:31:50 AM,1,2,70,1441,1,WB
7,19,9:32:15 AM,1,2,60,1476,25,WB
7,19,9:32:49 AM,1,2,54,1386,34,WB
7,19,9:34:07 AM,1,3,63,3905,78,WB
7,19,9:34:09 AM,1,3,64,1826,2,WB
7,19,9:34:11 AM,1,2,64,1378,2,WB
7,19,9:34:13 AM,1,2,62,1466,2,WB
7,19,9:35:35 AM,1,13,62,9765,82,WB
7,19,9:35:36 AM,1,2,61,1558,1,WB
7,19,9:35:51 AM,1,3,68,1744,15,WB
7,19,9:35:53 AM,1,2,66,1532,2,WB
7,19,9:36:05 AM,1,2,76,1530,12,WB
7,19,9:38:30 AM,1,14,33,6089,145,WB
7,19,9:38:35 AM,1,2,61,1434,5,WB
7,19,9:38:38 AM,1,2,53,1508,3,WB
7,19,9:38:50 AM,1,3,65,3736,12,WB
7,19,9:38:56 AM,1,1,0,391,6,WB
7,19,9:39:01 AM,1,2,74,1560,5,WB
7,19,9:40:41 AM,1,5,62,2170,100,WB
7,19,9:41:01 AM,1,9,62,6820,20,WB
7,19,9:41:02 AM,1,3,64,1727,1,WB
7,19,9:41:03 AM,1,3,64,1707,1,WB
7,19,9:41:07 AM,1,3,65,1458,4,WB
7,19,9:41:17 AM,1,2,70,1379,10,WB
7,19,9:41:34 AM,1,2,69,1470,17,WB
7,19,9:42:15 AM,1,3,69,1844,41,WB
7,19,9:42:16 AM,1,2,70,1431,1,WB
7,19,9:42:35 AM,1,2,71,1407,19,WB
7,19,9:43:12 AM,1,2,76,1507,37,WB
7,19,9:44:45 AM,1,9,63,6181,93,WB
7,19,9:45:16 AM,1,3,69,1407,31,WB
7,19,9:45:56 AM,1,2,66,1610,40,WB
7,19,9:46:00 AM,1,2,67,1554,4,WB
7,19,9:46:25 AM,1,2,54,1277,25,WB
7,19,9:46:40 AM,1,3,68,1845,15,WB
7,19,9:46:57 AM,1,5,72,1956,17,WB
7,19,9:47:00 AM,1,2,75,1455,3,WB
7,19,9:47:59 AM,1,2,75,1332,59,WB
7,19,9:48:20 AM,1,3,79,1593,21,WB
7,19,9:48:55 AM,1,3,70,3003,35,WB
7,19,9:49:00 AM,1,2,77,1578,5,WB
7,19,9:50:25 AM,1,10,62,7034,85,WB
7,19,9:50:45 AM,1,10,62,7162,20,WB
7,19,9:50:48 AM,1,2,61,1403,3,WB
7,19,9:50:50 AM,1,6,61,2653,2,WB
7,19,9:50:53 AM,1,3,60,1664,3,WB
7,19,9:51:00 AM,1,2,59,1534,7,WB
7,19,9:52:22 AM,1,2,73,1666,82,WB
7,19,9:53:45 AM,1,2,63,1475,83,WB
7,19,9:53:58 AM,1,2,63,1409,13,WB
7,19,9:53:59 AM,1,3,63,1636,1,WB
7,19,9:54:02 AM,1,2,76,1496,3,WB
7,19,9:54:29 AM,1,5,62,2256,27,WB
7,19,9:54:30 AM,1,2,64,1564,1,WB
7,19,9:54:33 AM,1,2,63,1460,3,WB
7,19,9:54:40 AM,1,5,66,2293,7,WB
7,19,9:54:43 AM,1,3,79,1762,3,WB
7,19,9:55:03 AM,1,2,72,1690,20,WB
7,19,9:57:43 AM,1,2,71,1571,160,WB
7,19,9:57:55 AM,1,5,59,1754,12,WB
7,19,9:58:06 AM,1,2,57,1283,11,WB
7,19,9:58:51 AM,1,3,73,1666,45,WB
7,19,9:59:06 AM,1,3,71,1450,15,WB
7,19,9:59:58 AM,1,2,69,1458,52,WB
7,20,9:00:11 AM,1,2,68,1310,28,WB
7,20,9:00:14 AM,1,3,70,1715,3,WB
7,20,9:00:17 AM,1,3,90,1990,3,WB
7,20,9:01:18 AM,1,3,73,1968,61,WB
7,20,9:02:18 AM,1,5,57,4161,60,WB
7,20,9:02:27 AM,1,2,77,1478,9,WB
7,20,9:02:56 AM,1,2,67,1423,29,WB
7,20,9:03:26 AM,1,10,33,6662,30,WB
7,20,9:04:19 AM,1,2,67,1497,53,WB
7,20,9:05:05 AM,1,2,61,1281,46,WB
7,20,9:08:38 AM,1,3,73,1882,213,WB
7,20,9:08:48 AM,1,2,66,1420,10,WB
7,20,9:08:55 AM,1,2,70,1446,7,WB
7,20,9:08:57 AM,1,2,72,1589,2,WB
7,20,9:10:13 AM,1,2,76,1642,76,WB
7,20,9:10:18 AM,1,2,77,1555,5,WB
7,20,9:10:20 AM,1,2,78,1578,2,WB
7,20,9:11:20 AM,1,2,72,1372,60,WB
7,20,9:11:36 AM,1,10,63,7375,16,WB
7,20,9:11:51 AM,1,2,0,1201,15,WB
7,20,9:12:45 AM,1,2,68,1470,54,WB
7,20,9:13:00 AM,1,2,72,1458,15,WB
7,20,9:13:06 AM,1,2,73,1395,6,WB
7,20,9:13:45 AM,1,2,71,1402,39,WB
7,20,9:14:29 AM,1,2,64,1302,44,WB
7,20,9:14:34 AM,1,2,63,1610,5,WB
7,20,9:14:38 AM,1,3,74,1462,4,WB
7,20,9:15:13 AM,1,3,71,1662,35,WB
7,20,9:17:00 AM,1,9,65,6419,107,WB
7,20,9:17:16 AM,1,3,75,1738,16,WB
7,20,9:17:38 AM,1,5,59,4705,22,WB
7,20,9:19:13 AM,1,2,69,1491,95,WB
7,20,9:19:27 AM,1,3,67,2008,14,WB
7,20,9:19:36 AM,1,2,70,1606,9,WB
7,20,9:20:23 AM,1,2,69,1480,47,WB
7,20,9:20:58 AM,1,2,74,1331,35,WB
7,20,9:21:01 AM,1,4,68,3241,3,WB
7,20,9:21:51 AM,1,2,71,1523,50,WB
7,20,9:21:53 AM,1,2,72,1467,2,WB
7,20,9:23:00 AM,1,10,58,6965,67,WB
7,20,9:23:02 AM,1,2,61,1525,2,WB
7,20,9:23:05 AM,1,2,67,1431,3,WB
7,20,9:23:07 AM,1,2,0,1490,2,WB
7,20,9:23:57 AM,1,3,61,1751,50,WB
7,20,9:24:30 AM,1,3,74,1850,33,WB
7,20,9:24:58 AM,1,14,0,241,28,WB
7,20,9:25:05 AM,1,2,75,1492,7,WB
7,20,9:27:05 AM,1,2,66,1810,120,WB
7,20,9:27:20 AM,1,3,68,1834,15,WB
7,20,9:27:23 AM,1,2,69,1460,3,WB
7,20,9:27:26 AM,1,3,75,1722,3,WB
7,20,9:27:43 AM,1,3,75,1744,17,WB
7,20,9:28:06 AM,1,2,72,1483,23,WB
7,20,9:28:12 AM,1,2,73,1660,6,WB
7,20,9:30:01 AM,1,6,41,3182,109,WB
7,20,9:30:14 AM,1,2,80,1505,13,WB
7,20,9:30:42 AM,1,2,66,1313,28,WB
7,20,9:31:22 AM,1,3,0,1854,40,WB
7,20,9:31:24 AM,1,3,60,1713,2,WB
7,20,9:31:37 AM,1,2,63,1547,13,WB
7,20,9:31:49 AM,1,2,69,1443,12,WB
7,20,9:31:57 AM,1,3,71,1651,8,WB
7,20,9:32:03 AM,1,2,77,1482,6,WB
7,20,9:32:23 AM,1,2,72,1335,20,WB
7,20,9:32:49 AM,1,2,69,1529,26,WB
7,20,9:33:41 AM,1,9,55,6237,52,WB
7,20,9:34:00 AM,1,2,68,1585,19,WB
7,20,9:34:01 AM,1,3,67,1790,1,WB
7,20,9:34:25 AM,1,3,73,1601,24,WB
7,20,9:34:50 AM,1,2,70,1674,25,WB
7,20,9:36:39 AM,1,3,69,1650,109,WB
7,20,9:36:51 AM,1,2,62,1457,12,WB
7,20,9:36:53 AM,1,3,65,1538,2,WB
7,20,9:37:18 AM,1,3,56,1750,25,WB
7,20,9:38:19 AM,1,3,52,1517,61,WB
7,20,9:38:29 AM,1,3,50,4330,10,WB
7,20,9:38:32 AM,1,2,50,1327,3,WB
7,20,9:39:09 AM,1,3,59,3571,37,WB
7,20,9:39:14 AM,1,2,73,1568,5,WB
7,20,9:40:22 AM,1,2,63,1347,68,WB
7,20,9:40:39 AM,1,2,66,1337,17,WB
7,20,9:41:02 AM,1,2,0,848,23,WB
7,20,9:41:16 AM,1,3,66,1669,14,WB
7,20,9:41:33 AM,1,2,0,711,17,WB
7,20,9:41:34 AM,1,2,61,1440,1,WB
7,20,9:41:38 AM,1,3,61,1665,4,WB
7,20,9:42:05 AM,1,9,61,6136,27,WB
7,20,9:42:06 AM,1,2,62,1383,1,WB
7,20,9:42:08 AM,1,3,67,1706,2,WB
7,20,9:42:10 AM,1,3,68,1880,2,WB
7,20,9:42:16 AM,1,2,69,1655,6,WB
7,20,9:42:36 AM,1,3,60,4347,20,WB
7,20,9:42:56 AM,1,2,73,1595,20,WB
7,20,9:45:26 AM,1,3,75,1739,150,WB
7,20,9:46:01 AM,1,2,70,1451,35,WB
7,20,9:46:23 AM,1,3,61,1331,22,WB
7,20,9:46:26 AM,1,2,64,1507,3,WB
7,20,9:46:29 AM,1,2,64,1521,3,WB
7,20,9:46:38 AM,1,3,67,1676,9,WB
7,20,9:47:09 AM,1,2,72,1625,31,WB
7,20,9:48:26 AM,1,3,79,2106,77,WB
7,20,9:49:26 AM,1,3,62,1730,60,WB
7,20,9:49:41 AM,1,3,68,1678,15,WB
7,20,9:49:43 AM,1,2,74,1566,2,WB
7,20,9:51:58 AM,1,2,66,1542,135,WB
7,20,9:52:06 AM,1,3,65,4226,8,WB
7,20,9:52:10 AM,1,2,76,1485,4,WB
7,20,9:52:21 AM,1,3,67,1731,11,WB
7,20,9:52:32 AM,1,2,0,1410,11,WB
7,20,9:52:54 AM,1,2,61,1363,22,WB
7,20,9:53:48 AM,1,2,72,1632,54,WB
7,20,9:55:36 AM,1,2,0,876,108,WB
7,20,9:58:17 AM,1,5,61,3238,161,WB
7,20,9:58:19 AM,1,2,63,1626,2,WB
7,20,9:58:21 AM,1,2,66,1410,2,WB
7,20,9:58:45 AM,1,3,75,1750,24,WB
7,20,9:59:17 AM,1,2,72,2359,32,WB
7,20,9:59:40 AM,1,3,67,4633,23,WB
7,20,9:59:43 AM,1,2,72,1552,3,WB
7,20,9:59:44 AM,1,2,76,1631,1,WB
7,20,9:59:58 AM,1,2,71,1428,14,WB
7,21,9:00:48 AM,1,2,69,1567,221,WB
7,21,9:01:19 AM,1,14,11,383,31,WB
7,21,9:01:31 AM,1,2,61,1335,12,WB
7,21,9:01:43 AM,1,2,68,2777,12,WB
7,21,9:03:24 AM,1,3,75,1662,101,WB
7,21,9:04:02 AM,1,3,65,3549,38,WB
7,21,9:04:05 AM,1,3,67,1790,3,WB
7,21,9:04:07 AM,1,3,65,3362,2,WB
7,21,9:04:09 AM,1,2,68,1495,2,WB
7,21,9:04:31 AM,1,2,60,1570,22,WB
7,21,9:04:34 AM,1,3,67,3585,3,WB
7,21,9:05:33 AM,1,2,69,1383,59,WB
7,21,9:05:51 AM,1,3,74,1735,18,WB
7,21,9:06:37 AM,1,2,62,1291,46,WB
7,21,9:07:19 AM,1,2,64,2993,42,WB
7,21,9:07:42 AM,1,2,67,1378,23,WB
7,21,9:07:45 AM,1,2,72,1453,3,WB
7,21,9:08:48 AM,1,2,75,1588,63,WB
7,21,9:09:45 AM,1,2,69,1311,57,WB
7,21,9:10:24 AM,1,2,71,1599,39,WB
7,21,9:10:28 AM,1,3,80,1632,4,WB
7,21,9:11:47 AM,1,3,67,1641,79,WB
7,21,9:12:24 AM,1,3,67,1646,37,WB
7,21,9:12:52 AM,1,2,69,1422,28,WB
7,21,9:13:07 AM,1,2,68,1471,15,WB
7,21,9:14:13 AM,1,2,65,1559,66,WB
7,21,9:14:24 AM,1,2,71,1291,11,WB
7,21,9:16:28 AM,1,3,72,1828,124,WB
7,21,9:18:49 AM,1,2,65,1307,141,WB
7,21,9:18:58 AM,1,2,75,1437,9,WB
7,21,9:19:27 AM,1,2,62,1382,29,WB
7,21,9:20:28 AM,1,3,61,3358,61,WB
7,21,9:20:30 AM,1,3,60,1660,2,WB
7,21,9:20:31 AM,1,2,61,1440,1,WB
7,21,9:21:17 AM,1,2,62,1268,46,WB
7,21,9:21:43 AM,1,2,72,1563,26,WB
7,21,9:22:43 AM,1,2,58,1543,60,WB
7,21,9:23:08 AM,1,3,62,4388,25,WB
7,21,9:23:11 AM,1,2,60,1461,3,WB
7,21,9:23:14 AM,1,2,58,1562,3,WB
7,21,9:23:19 AM,1,2,0,1401,5,WB
7,21,9:26:52 AM,1,3,75,1750,213,WB
7,21,9:27:00 AM,1,3,76,1446,8,WB
7,21,9:27:13 AM,1,2,71,1344,13,WB
7,21,9:28:03 AM,1,3,67,3900,50,WB
7,21,9:28:58 AM,1,3,58,1807,55,WB
7,21,9:29:00 AM,1,3,60,1505,2,WB
7,21,9:30:33 AM,1,2,53,1452,93,WB
7,21,9:30:43 AM,1,2,0,1005,10,WB
7,21,9:31:54 AM,1,3,53,1226,71,WB
7,21,9:32:53 AM,1,3,75,1706,59,WB
7,21,9:34:05 AM,1,2,71,1507,72,WB
7,21,9:34:32 AM,1,3,69,3701,27,WB
7,21,9:34:33 AM,1,3,71,1623,1,WB
7,21,9:34:48 AM,1,2,69,1743,15,WB
7,21,9:34:58 AM,1,3,72,1694,10,WB
7,21,9:35:04 AM,1,2,76,1614,6,WB
7,21,9:35:48 AM,1,3,67,1626,44,WB
7,21,9:36:48 AM,1,2,67,1540,60,WB
7,21,9:37:08 AM,1,2,69,1501,20,WB
7,21,9:37:46 AM,1,2,71,1581,38,WB
7,21,9:38:20 AM,1,2,71,1471,34,WB
7,21,9:38:29 AM,1,2,81,1388,9,WB
7,21,9:38:33 AM,1,2,77,1541,4,WB
7,21,9:38:44 AM,1,2,64,1495,11,WB
7,21,9:38:50 AM,1,2,67,1468,6,WB
7,21,9:39:43 AM,1,2,74,1364,53,WB
7,21,9:40:33 AM,1,2,65,1564,50,WB
7,21,9:40:35 AM,1,3,69,1717,2,WB
7,21,9:40:42 AM,1,3,72,1759,7,WB
7,21,9:41:21 AM,1,7,23,2301,39,WB
7,21,9:41:22 AM,1,14,23,1148,1,WB
7,21,9:41:57 AM,1,2,73,1433,35,WB
7,21,9:42:07 AM,1,3,69,1753,10,WB
7,21,9:43:00 AM,1,3,68,1703,53,WB
7,21,9:43:40 AM,1,2,62,1625,40,WB
7,21,9:44:46 AM,1,2,73,1509,66,WB
7,21,9:45:44 AM,1,10,30,6748,58,WB
7,21,9:46:11 AM,1,2,67,1334,27,WB
7,21,9:46:30 AM,1,2,72,1480,19,WB
7,21,9:46:34 AM,1,2,74,1479,4,WB
7,21,9:48:15 AM,1,2,57,1377,101,WB
7,21,9:48:33 AM,1,3,65,1453,18,WB
7,21,9:48:41 AM,1,10,31,6696,8,WB
7,21,9:48:44 AM,1,3,34,3840,3,WB
7,21,9:48:46 AM,1,2,34,1347,2,WB
7,21,9:48:49 AM,1,3,32,1630,3,WB
7,21,9:48:59 AM,1,2,62,1291,10,WB
7,21,9:49:05 AM,1,5,56,4258,6,WB
7,21,9:49:07 AM,1,3,57,1634,2,WB
7,21,9:49:31 AM,1,2,71,1076,24,WB
7,21,9:50:00 AM,1,2,71,1323,29,WB
7,21,9:50:17 AM,1,2,64,1430,17,WB
7,21,9:50:41 AM,1,3,72,1786,24,WB
7,21,9:52:01 AM,1,2,61,1545,80,WB
7,21,9:53:56 AM,1,2,79,1459,115,WB
7,21,9:54:19 AM,1,3,80,1661,23,WB
7,21,9:55:14 AM,1,14,71,5860,55,WB
7,21,9:55:16 AM,1,2,72,1350,2,WB
7,21,9:55:44 AM,1,3,65,1763,28,WB
7,21,9:56:10 AM,1,13,32,7392,26,WB
7,21,9:57:27 AM,1,3,72,1754,77,WB
7,21,9:57:45 AM,1,3,75,1900,18,WB
7,21,9:58:26 AM,1,2,69,2701,41,WB
7,21,9:59:52 AM,1,2,71,1239,86,WB
7,22,9:00:24 AM,1,3,67,1525,39,WB
7,22,9:01:37 AM,1,2,68,1391,73,WB
7,22,9:01:58 AM,1,2,69,1629,21,WB
7,22,9:02:11 AM,1,3,72,1823,13,WB
7,22,9:03:35 AM,1,3,69,1494,84,WB
7,22,9:04:32 AM,1,2,75,1679,57,WB
7,22,9:04:58 AM,1,2,68,1560,26,WB
7,22,9:05:55 AM,1,2,67,1304,57,WB
7,22,9:06:06 AM,1,5,69,2921,11,WB
7,22,9:06:44 AM,1,3,69,3865,38,WB
7,22,9:09:07 AM,1,2,56,1481,143,WB
7,22,9:09:24 AM,1,2,65,1467,17,WB
7,22,9:09:29 AM,1,2,71,1576,5,WB
7,22,9:09:30 AM,1,2,68,1500,1,WB
7,22,9:09:52 AM,1,3,65,3698,22,WB
7,22,9:10:29 AM,1,3,68,1785,37,WB
7,22,9:11:11 AM,1,2,69,1619,42,WB
7,22,9:11:16 AM,1,2,72,1616,5,WB
7,22,9:11:24 AM,1,2,69,1552,8,WB
7,22,9:13:04 AM,1,2,68,1602,100,WB
7,22,9:13:19 AM,1,2,72,1430,15,WB
7,22,9:13:29 AM,1,2,77,1357,10,WB
7,22,9:16:31 AM,1,2,61,1522,182,WB
7,22,9:17:03 AM,1,2,69,1458,32,WB
7,22,9:17:32 AM,1,3,73,1855,29,WB
7,22,9:18:46 AM,1,2,73,1520,74,WB
7,22,9:19:21 AM,1,2,71,1176,35,WB
7,22,9:19:23 AM,1,2,74,1457,2,WB
7,22,9:20:12 AM,1,2,67,1661,49,WB
7,22,9:20:52 AM,1,2,69,1570,40,WB
7,22,9:21:28 AM,1,2,72,1340,36,WB
7,22,9:22:02 AM,1,2,58,1648,34,WB
7,22,9:22:40 AM,1,3,63,1333,38,WB
7,22,9:23:26 AM,1,2,71,1497,46,WB
7,22,9:24:07 AM,1,2,69,1403,41,WB
7,22,9:24:46 AM,1,2,70,1456,39,WB
7,22,9:25:05 AM,1,2,61,1425,19,WB
7,22,9:25:48 AM,1,14,70,5620,43,WB
7,22,9:26:00 AM,1,2,80,1523,12,WB
7,22,9:26:20 AM,1,3,65,3770,20,WB
7,22,9:26:28 AM,1,2,78,1498,8,WB
7,22,9:26:47 AM,1,3,78,1676,19,WB
7,22,9:26:54 AM,1,3,71,1581,7,WB
7,22,9:27:19 AM,1,2,61,1561,25,WB
7,22,9:27:45 AM,1,2,63,3795,26,WB
7,22,9:27:46 AM,1,3,64,1632,1,WB
7,22,9:29:30 AM,1,2,65,1346,104,WB
7,22,9:29:35 AM,1,2,71,1439,5,WB
7,22,9:29:56 AM,1,2,72,1271,21,WB
7,22,9:31:10 AM,1,3,68,1750,74,WB
7,22,9:31:13 AM,1,2,65,1516,3,WB
7,22,9:32:12 AM,1,2,0,1263,59,WB
7,22,9:32:40 AM,1,2,55,1455,28,WB
7,22,9:32:54 AM,1,2,64,1230,14,WB
7,22,9:34:25 AM,1,2,0,742,91,WB
7,22,9:34:26 AM,1,5,65,2114,1,WB
7,22,9:35:15 AM,1,3,65,3548,49,WB
7,22,9:35:17 AM,1,2,68,1660,2,WB
7,22,9:35:27 AM,1,2,69,1383,10,WB
7,22,9:35:40 AM,1,3,73,1639,13,WB
7,22,9:36:12 AM,1,3,63,4170,32,WB
7,22,9:36:25 AM,1,3,73,1363,13,WB
7,22,9:36:43 AM,1,2,67,1378,18,WB
7,22,9:37:09 AM,1,1,0,3370,26,WB
7,22,9:38:07 AM,1,3,77,1504,58,WB
7,22,9:38:18 AM,1,2,67,1537,11,WB
7,22,9:41:06 AM,1,2,73,1482,168,WB
7,22,9:41:22 AM,1,2,71,1576,16,WB
7,22,9:41:48 AM,1,2,68,1385,26,WB
7,22,9:42:09 AM,1,3,72,3698,21,WB
7,22,9:42:29 AM,1,3,65,3170,20,WB
7,22,9:44:15 AM,1,3,73,1714,106,WB
7,22,9:44:35 AM,1,2,62,1568,20,WB
7,22,9:45:50 AM,1,2,63,1301,75,WB
7,22,9:46:01 AM,1,2,79,3352,11,WB
7,22,9:47:01 AM,1,2,72,1287,60,WB
7,22,9:47:16 AM,1,3,73,1477,15,WB
7,22,9:47:58 AM,1,2,69,1455,42,WB
7,22,9:48:02 AM,1,2,74,1451,4,WB
7,22,9:48:36 AM,1,2,72,1298,34,WB
7,22,9:50:23 AM,1,3,86,1736,107,WB
7,22,9:50:59 AM,1,2,60,1352,36,WB
7,22,9:51:14 AM,1,3,69,1737,15,WB
7,22,9:52:09 AM,1,2,60,1316,55,WB
7,22,9:52:32 AM,1,3,63,3181,23,WB
7,22,9:53:46 AM,1,2,63,2575,74,WB
7,22,9:53:47 AM,1,2,63,1519,1,WB
7,22,9:57:56 AM,1,2,60,1514,249,WB
7,22,9:57:57 AM,1,2,64,2683,1,WB
7,22,9:57:59 AM,1,3,65,2934,2,WB
7,22,9:58:15 AM,1,3,57,1607,16,WB
7,22,9:58:24 AM,1,2,74,1582,9,WB
7,22,9:58:26 AM,1,3,62,1586,2,WB
7,22,9:59:07 AM,1,3,73,1768,41,WB
7,22,9:59:30 AM,1,2,75,1398,23,WB
7,23,9:01:04 AM,1,9,57,5754,72,WB
7,23,9:01:16 AM,1,5,59,2182,12,WB
7,23,9:01:19 AM,1,3,62,2853,3,WB
7,23,9:01:23 AM,1,2,69,1438,4,WB
7,23,9:03:31 AM,1,2,72,1701,128,WB
7,23,9:04:23 AM,1,3,55,2908,52,WB
7,23,9:04:25 AM,1,2,0,970,2,WB
7,23,9:04:27 AM,1,3,56,2942,2,WB
7,23,9:04:28 AM,1,2,64,1269,1,WB
7,23,9:04:30 AM,1,2,69,1696,2,WB
7,23,9:06:23 AM,1,3,73,3628,113,WB
7,23,9:06:24 AM,1,2,73,1585,1,WB
7,23,9:07:49 AM,1,2,68,1395,85,WB
7,23,9:08:11 AM,1,3,64,1779,22,WB
7,23,9:08:22 AM,1,2,62,1443,11,WB
7,23,9:08:31 AM,1,3,61,4881,9,WB
7,23,9:08:32 AM,1,2,63,1431,1,WB
7,23,9:08:33 AM,1,3,64,1578,1,WB
7,23,9:09:47 AM,1,2,71,1484,74,WB
7,23,9:09:53 AM,1,3,68,1905,6,WB
7,23,9:10:51 AM,1,3,57,4385,58,WB
7,23,9:10:58 AM,1,2,64,1435,7,WB
7,23,9:13:45 AM,1,6,60,3565,167,WB
7,23,9:13:51 AM,1,3,56,1804,6,WB
7,23,9:13:57 AM,1,3,72,1860,6,WB
7,23,9:13:58 AM,1,3,72,1871,1,WB
7,23,9:14:11 AM,1,3,53,1503,13,WB
7,23,9:14:26 AM,1,2,62,1466,15,WB
7,23,9:14:45 AM,1,3,56,1812,19,WB
7,23,9:14:46 AM,1,2,55,1513,1,WB
7,23,9:15:55 AM,1,2,69,1393,69,WB
7,23,9:16:38 AM,1,2,67,1195,43,WB
7,23,9:16:49 AM,1,2,65,1201,11,WB
7,23,9:17:33 AM,1,13,60,9930,44,WB
7,23,9:17:34 AM,1,2,66,1469,1,WB
7,23,9:19:50 AM,1,2,62,1300,136,WB
7,23,9:19:52 AM,1,9,61,6618,2,WB
7,23,9:20:29 AM,1,1,0,338,37,WB
7,23,9:21:10 AM,1,2,67,1631,41,WB
7,23,9:21:11 AM,1,2,68,1502,1,WB
7,23,9:21:17 AM,1,3,72,3400,6,WB
7,23,9:22:35 AM,1,2,75,1486,78,WB
7,23,9:22:36 AM,1,2,75,1519,1,WB
7,23,9:22:37 AM,1,3,74,1626,1,WB
7,23,9:24:05 AM,1,9,56,5962,88,WB
7,23,9:24:06 AM,1,2,58,1425,1,WB
7,23,9:24:18 AM,1,3,74,1697,12,WB
7,23,9:24:33 AM,1,3,78,1492,15,WB
7,23,9:24:35 AM,1,3,75,1805,2,WB
7,23,9:24:45 AM,1,3,69,1480,10,WB
7,23,9:26:10 AM,1,10,61,7136,85,WB
7,23,9:26:58 AM,1,5,61,5522,48,WB
7,23,9:27:08 AM,1,3,72,1589,10,WB
7,23,9:27:25 AM,1,2,70,1337,17,WB
7,23,9:27:40 AM,1,3,70,1586,15,WB
7,23,9:29:52 AM,1,2,62,1355,132,WB
7,23,9:30:24 AM,1,3,56,1456,32,WB
7,23,9:30:32 AM,1,3,64,1472,8,WB
7,23,9:30:34 AM,1,3,61,1500,2,WB
7,23,9:31:28 AM,1,9,62,6402,54,WB
7,23,9:31:46 AM,1,2,71,1555,18,WB
7,23,9:31:58 AM,1,2,64,1340,12,WB
7,23,9:32:25 AM,1,2,68,1580,27,WB
7,23,9:32:56 AM,1,2,63,1440,31,WB
7,23,9:32:57 AM,1,2,62,1485,1,WB
7,23,9:34:13 AM,1,3,57,1686,76,WB
7,23,9:34:45 AM,1,5,64,2364,32,WB
7,23,9:35:52 AM,1,2,62,1457,67,WB
7,23,9:37:52 AM,1,14,155,23340,120,WB
7,23,9:37:55 AM,1,2,63,1456,3,WB
7,23,9:37:56 AM,1,3,64,1552,1,WB
7,23,9:38:15 AM,1,2,59,1323,19,WB
7,23,9:40:38 AM,1,3,59,2997,143,WB
7,23,9:40:43 AM,1,2,69,1611,5,WB
7,23,9:40:50 AM,1,3,71,1625,7,WB
7,23,9:40:56 AM,1,5,68,1925,6,WB
7,23,9:41:06 AM,1,2,65,1429,10,WB
7,23,9:41:26 AM,1,3,68,1471,20,WB
7,23,9:43:04 AM,1,2,69,1478,98,WB
7,23,9:43:20 AM,1,2,68,1280,16,WB
7,23,9:44:11 AM,1,2,73,1401,51,WB
7,23,9:44:38 AM,1,2,75,1508,27,WB
7,23,9:44:45 AM,1,3,70,1834,7,WB
7,23,9:44:58 AM,1,2,68,1545,13,WB
7,23,9:45:05 AM,1,3,72,1584,7,WB
7,23,9:45:38 AM,1,2,71,1497,33,WB
7,23,9:45:43 AM,1,2,71,1260,5,WB
7,23,9:45:55 AM,1,1,0,471,12,WB
7,23,9:46:23 AM,1,3,64,3678,28,WB
7,23,9:49:10 AM,1,10,31,6541,167,WB
7,23,9:49:22 AM,1,3,48,1629,12,WB
7,23,9:49:23 AM,1,2,46,1394,1,WB
7,23,9:49:25 AM,1,3,44,1561,2,WB
7,23,9:49:33 AM,1,2,68,1385,8,WB
7,23,9:49:36 AM,1,2,67,1413,3,WB
7,23,9:49:44 AM,1,2,64,1372,8,WB
7,23,9:50:23 AM,1,2,71,1418,39,WB
7,23,9:52:47 AM,1,10,61,6995,144,WB
7,23,9:53:06 AM,1,3,71,1734,19,WB
7,23,9:53:17 AM,1,2,62,1517,11,WB
7,23,9:53:31 AM,1,2,63,1370,14,WB
7,23,9:55:24 AM,1,2,63,1507,113,WB
7,23,9:55:25 AM,1,2,64,1415,1,WB
7,23,9:55:53 AM,1,3,64,1554,28,WB
7,23,9:55:59 AM,1,3,67,3930,6,WB
7,23,9:56:02 AM,1,2,65,1216,3,WB
7,23,9:56:33 AM,1,2,66,1293,31,WB
7,23,9:57:28 AM,1,9,62,6787,55,WB
7,23,9:57:30 AM,1,2,63,1456,2,WB
7,23,9:57:53 AM,1,2,0,728,23,WB
7,23,9:58:32 AM,1,2,67,1443,39,WB
7,23,9:58:36 AM,1,2,64,1397,4,WB
7,23,9:58:41 AM,1,3,67,1532,5,WB
7,23,9:58:46 AM,1,3,67,1785,5,WB
7,23,9:59:03 AM,1,3,60,1885,17,WB
7,23,9:59:18 AM,1,2,57,1330,15,WB
7,23,9:59:32 AM,1,5,53,2943,14,WB
7,23,9:59:36 AM,1,3,69,1803,4,WB
7,23,9:59:41 AM,1,3,52,1426,5,WB
7,24,9:00:46 AM,1,2,69,1621,68,WB
7,24,9:01:25 AM,1,2,69,1494,39,WB
7,24,9:01:31 AM,1,3,82,1656,6,WB
7,24,9:01:48 AM,1,2,73,1547,17,WB
7,24,9:02:42 AM,1,2,64,1613,54,WB
7,24,9:03:18 AM,1,2,64,1798,36,WB
7,24,9:04:21 AM,1,3,58,1603,63,WB
7,24,9:04:22 AM,1,2,58,1447,1,WB
7,24,9:04:24 AM,1,3,59,1632,2,WB
7,24,9:04:29 AM,1,2,67,1542,5,WB
7,24,9:05:53 AM,1,3,71,1744,84,WB
7,24,9:06:24 AM,1,3,59,3768,31,WB
7,24,9:06:25 AM,1,2,59,1482,1,WB
7,24,9:08:12 AM,1,3,67,1770,107,WB
7,24,9:09:07 AM,1,2,76,1491,55,WB
7,24,9:10:01 AM,1,10,64,7325,54,WB
7,24,9:10:16 AM,1,2,69,1347,15,WB
7,24,9:10:21 AM,1,2,67,1441,5,WB
7,24,9:10:28 AM,1,3,73,1671,7,WB
7,24,9:10:32 AM,1,3,77,1917,4,WB
7,24,9:11:40 AM,1,2,71,1650,68,WB
7,24,9:12:43 AM,1,2,63,1445,63,WB
7,24,9:13:10 AM,1,3,72,1940,27,WB
7,24,9:13:33 AM,1,3,68,1650,23,WB
7,24,9:13:57 AM,1,2,53,1548,24,WB
7,24,9:14:10 AM,1,2,64,1469,13,WB
7,24,9:14:15 AM,1,3,62,1602,5,WB
7,24,9:14:23 AM,1,3,58,1452,8,WB
7,24,9:14:40 AM,1,3,66,1991,17,WB
7,24,9:15:14 AM,1,3,72,1785,34,WB
7,24,9:15:25 AM,1,3,72,1667,11,WB
7,24,9:15:32 AM,1,2,69,1351,7,WB
7,24,9:16:57 AM,1,3,64,1745,85,WB
7,24,9:17:35 AM,1,2,72,1367,38,WB
7,24,9:18:19 AM,1,9,57,6224,44,WB
7,24,9:18:20 AM,1,2,56,1337,1,WB
7,24,9:18:35 AM,1,2,64,1306,15,WB
7,24,9:19:08 AM,1,2,65,1451,33,WB
7,24,9:19:51 AM,1,2,77,1478,43,WB
7,24,9:20:21 AM,1,2,72,1568,30,WB
7,24,9:20:25 AM,1,3,68,1785,4,WB
7,24,9:20:47 AM,1,3,73,1714,22,WB
7,24,9:20:49 AM,1,3,61,3131,2,WB
7,24,9:21:56 AM,1,3,72,2025,67,WB
7,24,9:21:59 AM,1,2,73,1552,3,WB
7,24,9:23:17 AM,1,2,69,1137,78,WB
7,24,9:23:31 AM,1,3,68,1495,14,WB
7,24,9:23:35 AM,1,2,71,1354,4,WB
7,24,9:23:48 AM,1,2,65,1461,13,WB
7,24,9:25:45 AM,1,2,68,1445,117,WB
7,24,9:25:46 AM,1,3,71,1730,1,WB
7,24,9:26:03 AM,1,2,71,1544,17,WB
7,24,9:26:29 AM,1,3,65,1734,26,WB
7,24,9:26:32 AM,1,9,65,7302,3,WB
7,24,9:27:30 AM,1,3,69,1778,58,WB
7,24,9:27:55 AM,1,2,61,1595,25,WB
7,24,9:27:56 AM,1,2,73,1455,1,WB
7,24,9:27:58 AM,1,2,69,1393,2,WB
7,24,9:30:47 AM,1,3,57,1753,169,WB
7,24,9:30:49 AM,1,3,57,1586,2,WB
7,24,9:32:30 AM,1,10,57,6981,101,WB
7,24,9:33:51 AM,1,2,64,1353,81,WB
7,24,9:33:53 AM,1,3,65,1653,2,WB
7,24,9:34:01 AM,1,2,80,1167,8,WB
7,24,9:34:18 AM,1,2,73,1531,17,WB
7,24,9:35:51 AM,1,3,68,1602,93,WB
7,24,9:37:41 AM,1,2,67,1368,110,WB
7,24,9:37:43 AM,1,2,67,1264,2,WB
7,24,9:38:20 AM,1,2,64,1264,37,WB
7,24,9:40:58 AM,1,9,65,6774,158,WB
7,24,9:41:00 AM,1,3,68,1844,2,WB
7,24,9:41:01 AM,1,2,69,1429,1,WB
7,24,9:41:05 AM,1,2,65,1395,4,WB
7,24,9:42:08 AM,1,2,62,1401,63,WB
7,24,9:43:47 AM,1,2,70,1472,99,WB
7,24,9:44:07 AM,1,2,63,1606,20,WB
7,24,9:44:50 AM,1,2,55,1367,43,WB
7,24,9:45:01 AM,1,2,62,1428,11,WB
7,24,9:45:34 AM,1,3,62,2889,33,WB
7,24,9:45:41 AM,1,2,69,1575,7,WB
7,24,9:45:46 AM,1,2,75,1464,5,WB
7,24,9:46:06 AM,1,2,67,1304,20,WB
7,24,9:46:20 AM,1,3,67,1730,14,WB
7,24,9:48:36 AM,1,2,68,1451,136,WB
7,24,9:49:07 AM,1,3,63,4170,31,WB
7,24,9:49:15 AM,1,2,73,1558,8,WB
7,24,9:49:33 AM,1,2,78,1492,18,WB
7,24,9:49:36 AM,1,3,72,1823,3,WB
7,24,9:49:44 AM,1,2,72,1442,8,WB
7,24,9:49:50 AM,1,2,71,1334,6,WB
7,24,9:50:28 AM,1,2,69,1504,38,WB
7,24,9:50:43 AM,1,2,72,1448,15,WB
7,24,9:50:45 AM,1,3,72,1738,2,WB
7,24,9:51:26 AM,1,3,65,1525,41,WB
7,24,9:51:30 AM,1,3,67,1727,4,WB
7,24,9:51:38 AM,1,3,68,2001,8,WB
7,24,9:51:43 AM,1,2,72,1393,5,WB
7,24,9:51:53 AM,1,5,65,1811,10,WB
7,24,9:51:56 AM,1,2,63,1552,3,WB
7,24,9:52:00 AM,1,2,67,1319,4,WB
7,24,9:52:03 AM,1,3,68,1690,3,WB
7,24,9:53:43 AM,1,3,61,1630,100,WB
7,24,9:54:19 AM,1,2,76,1597,36,WB
7,24,9:54:37 AM,1,2,75,1483,18,WB
7,24,9:55:04 AM,1,2,69,1234,27,WB
7,24,9:55:16 AM,1,2,66,1479,12,WB
7,24,9:55:27 AM,1,9,69,6901,11,WB
7,24,9:55:43 AM,1,2,0,912,16,WB
7,24,9:57:14 AM,1,2,68,1560,91,WB
7,24,9:57:17 AM,1,2,70,1177,3,WB
7,24,9:57:43 AM,1,3,64,4478,26,WB
7,24,9:59:09 AM,1,9,58,6835,86,WB
7,24,9:59:42 AM,1,2,66,1479,33,WB
7,24,9:59:58 AM,1,3,61,1768,16,WB
7,24,9:59:59 AM,1,2,61,1354,1,WB
